Name,Species,Weeks,Sex,Condition,Trial ,Correct
Arya,Wolf,13,F,proximal,1,1
Arya,Wolf,13,F,proximal,2,1
Arya,Wolf,13,F,proximal,3,1
Arya,Wolf,13,F,proximal,4,0
Arya,Wolf,13,F,proximal,5,1
Arya,Wolf,13,F,proximal,6,1
Arya,Wolf,13,F,marker,1,0
Arya,Wolf,13,F,marker,2,1
Arya,Wolf,13,F,marker,3,0
Arya,Wolf,13,F,marker,4,1
Arya,Wolf,13,F,marker,5,1
Arya,Wolf,13,F,marker,6,0
Arya,Wolf,13,F,asymmetrical,1,0
Arya,Wolf,13,F,asymmetrical,2,0
Arya,Wolf,13,F,asymmetrical,3,0
Arya,Wolf,13,F,asymmetrical,4,0
Arya,Wolf,13,F,asymmetrical,5,1
Arya,Wolf,13,F,asymmetrical,6,0
Arya,Wolf,13,F,odor,1,0
Arya,Wolf,13,F,odor,2,1
Arya,Wolf,13,F,odor,3,0
Arya,Wolf,13,F,odor,4,0
Arya,Wolf,13,F,odor,5,1
Arya,Wolf,13,F,odor,6,1
LittleMan,Wolf,12,M,proximal,1,1
LittleMan,Wolf,12,M,proximal,2,1
LittleMan,Wolf,12,M,proximal,3,1
LittleMan,Wolf,12,M,proximal,4,0
LittleMan,Wolf,12,M,proximal,5,0
LittleMan,Wolf,12,M,proximal,6,0
LittleMan,Wolf,12,M,marker,1,0
LittleMan,Wolf,12,M,marker,2,1
LittleMan,Wolf,12,M,marker,3,1
LittleMan,Wolf,12,M,marker,4,1
LittleMan,Wolf,12,M,marker,5,1
LittleMan,Wolf,12,M,marker,6,0
LittleMan,Wolf,12,M,asymmetrical,1,0
LittleMan,Wolf,12,M,asymmetrical,2,0
LittleMan,Wolf,12,M,asymmetrical,3,0
LittleMan,Wolf,12,M,asymmetrical,4,0
LittleMan,Wolf,12,M,asymmetrical,5,1
LittleMan,Wolf,12,M,asymmetrical,6,0
LittleMan,Wolf,12,M,odor,1,0
LittleMan,Wolf,12,M,odor,2,0
LittleMan,Wolf,12,M,odor,3,1
LittleMan,Wolf,12,M,odor,4,1
LittleMan,Wolf,12,M,odor,5,1
LittleMan,Wolf,12,M,odor,6,0
HoneyPockets,Wolf,12,F,proximal,1,1
HoneyPockets,Wolf,12,F,proximal,2,1
HoneyPockets,Wolf,12,F,proximal,3,0
HoneyPockets,Wolf,12,F,proximal,4,0
HoneyPockets,Wolf,12,F,proximal,5,1
HoneyPockets,Wolf,12,F,proximal,6,0
HoneyPockets,Wolf,12,F,marker,1,0
HoneyPockets,Wolf,12,F,marker,2,1
HoneyPockets,Wolf,12,F,marker,3,1
HoneyPockets,Wolf,12,F,marker,4,1
HoneyPockets,Wolf,12,F,marker,5,0
HoneyPockets,Wolf,12,F,marker,6,1
HoneyPockets,Wolf,12,F,asymmetrical,1,0
HoneyPockets,Wolf,12,F,asymmetrical,2,1
HoneyPockets,Wolf,12,F,asymmetrical,3,1
HoneyPockets,Wolf,12,F,asymmetrical,4,1
HoneyPockets,Wolf,12,F,asymmetrical,5,1
HoneyPockets,Wolf,12,F,asymmetrical,6,1
HoneyPockets,Wolf,12,F,odor,1,1
HoneyPockets,Wolf,12,F,odor,2,0
HoneyPockets,Wolf,12,F,odor,3,1
HoneyPockets,Wolf,12,F,odor,4,0
HoneyPockets,Wolf,12,F,odor,5,1
HoneyPockets,Wolf,12,F,odor,6,0
Bran,Wolf,7,M,proximal,1,1
Bran,Wolf,7,M,proximal,2,1
Bran,Wolf,7,M,proximal,3,1
Bran,Wolf,7,M,proximal,4,1
Bran,Wolf,7,M,proximal,5,1
Bran,Wolf,7,M,proximal,6,0
Bran,Wolf,7,M,marker,1,0
Bran,Wolf,7,M,marker,2,1
Bran,Wolf,7,M,marker,3,0
Bran,Wolf,7,M,marker,4,0
Bran,Wolf,7,M,marker,5,1
Bran,Wolf,7,M,marker,6,0
Bran,Wolf,7,M,asymmetrical,1,1
Bran,Wolf,7,M,asymmetrical,2,1
Bran,Wolf,7,M,asymmetrical,3,0
Bran,Wolf,7,M,asymmetrical,4,1
Bran,Wolf,7,M,asymmetrical,5,0
Bran,Wolf,7,M,asymmetrical,6,1
Bran,Wolf,7,M,odor,1,0
Bran,Wolf,7,M,odor,2,1
Bran,Wolf,7,M,odor,3,1
Bran,Wolf,7,M,odor,4,0
Bran,Wolf,7,M,odor,5,0
Bran,Wolf,7,M,odor,6,1
Sam,Wolf,8,M,proximal,1,0
Sam,Wolf,8,M,proximal,2,0
Sam,Wolf,8,M,proximal,3,0
Sam,Wolf,8,M,proximal,4,0
Sam,Wolf,8,M,proximal,5,1
Sam,Wolf,8,M,proximal,6,0
Sam,Wolf,8,M,marker,1,0
Sam,Wolf,8,M,marker,2,1
Sam,Wolf,8,M,marker,3,1
Sam,Wolf,8,M,marker,4,0
Sam,Wolf,8,M,marker,5,1
Sam,Wolf,8,M,marker,6,0
Sam,Wolf,8,M,asymmetrical,1,1
Sam,Wolf,8,M,asymmetrical,2,1
Sam,Wolf,8,M,asymmetrical,3,1
Sam,Wolf,8,M,asymmetrical,4,0
Sam,Wolf,8,M,asymmetrical,5,1
Sam,Wolf,8,M,asymmetrical,6,0
Sam,Wolf,8,M,odor,1,1
Sam,Wolf,8,M,odor,2,1
Sam,Wolf,8,M,odor,3,0
Sam,Wolf,8,M,odor,4,0
Sam,Wolf,8,M,odor,5,0
Sam,Wolf,8,M,odor,6,1
Maggie,Wolf,13,F,proximal,1,0
Maggie,Wolf,13,F,proximal,2,1
Maggie,Wolf,13,F,proximal,3,0
Maggie,Wolf,13,F,proximal,4,1
Maggie,Wolf,13,F,proximal,5,1
Maggie,Wolf,13,F,proximal,6,1
Maggie,Wolf,13,F,marker,1,1
Maggie,Wolf,13,F,marker,2,0
Maggie,Wolf,13,F,marker,3,0
Maggie,Wolf,13,F,marker,4,0
Maggie,Wolf,13,F,marker,5,1
Maggie,Wolf,13,F,marker,6,0
Maggie,Wolf,13,F,asymmetrical,1,1
Maggie,Wolf,13,F,asymmetrical,2,0
Maggie,Wolf,13,F,asymmetrical,3,1
Maggie,Wolf,13,F,asymmetrical,4,1
Maggie,Wolf,13,F,asymmetrical,5,1
Maggie,Wolf,13,F,asymmetrical,6,0
Maggie,Wolf,13,F,odor,1,0
Maggie,Wolf,13,F,odor,2,0
Maggie,Wolf,13,F,odor,3,0
Maggie,Wolf,13,F,odor,4,1
Maggie,Wolf,13,F,odor,5,0
Maggie,Wolf,13,F,odor,6,0
Skye,Wolf,13,F,proximal,1,1
Skye,Wolf,13,F,proximal,2,1
Skye,Wolf,13,F,proximal,3,1
Skye,Wolf,13,F,proximal,4,1
Skye,Wolf,13,F,proximal,5,0
Skye,Wolf,13,F,proximal,6,1
Skye,Wolf,13,F,marker,1,1
Skye,Wolf,13,F,marker,2,0
Skye,Wolf,13,F,marker,3,1
Skye,Wolf,13,F,marker,4,0
Skye,Wolf,13,F,marker,5,0
Skye,Wolf,13,F,marker,6,1
Skye,Wolf,13,F,asymmetrical,1,0
Skye,Wolf,13,F,asymmetrical,2,1
Skye,Wolf,13,F,asymmetrical,3,0
Skye,Wolf,13,F,asymmetrical,4,1
Skye,Wolf,13,F,asymmetrical,5,0
Skye,Wolf,13,F,asymmetrical,6,1
Skye,Wolf,13,F,odor,1,0
Skye,Wolf,13,F,odor,2,1
Skye,Wolf,13,F,odor,3,0
Skye,Wolf,13,F,odor,4,0
Skye,Wolf,13,F,odor,5,1
Skye,Wolf,13,F,odor,6,1
Scarlet,Wolf,13,F,proximal,1,0
Scarlet,Wolf,13,F,proximal,2,1
Scarlet,Wolf,13,F,proximal,3,1
Scarlet,Wolf,13,F,proximal,4,1
Scarlet,Wolf,13,F,proximal,5,0
Scarlet,Wolf,13,F,proximal,6,0
Scarlet,Wolf,13,F,marker,1,1
Scarlet,Wolf,13,F,marker,2,1
Scarlet,Wolf,13,F,marker,3,1
Scarlet,Wolf,13,F,marker,4,1
Scarlet,Wolf,13,F,marker,5,1
Scarlet,Wolf,13,F,marker,6,0
Scarlet,Wolf,13,F,asymmetrical,1,0
Scarlet,Wolf,13,F,asymmetrical,2,1
Scarlet,Wolf,13,F,asymmetrical,3,1
Scarlet,Wolf,13,F,asymmetrical,4,1
Scarlet,Wolf,13,F,asymmetrical,5,1
Scarlet,Wolf,13,F,asymmetrical,6,0
Scarlet,Wolf,13,F,odor,1,1
Scarlet,Wolf,13,F,odor,2,0
Scarlet,Wolf,13,F,odor,3,1
Scarlet,Wolf,13,F,odor,4,0
Scarlet,Wolf,13,F,odor,5,0
Scarlet,Wolf,13,F,odor,6,0
Alaina,Wolf,12,F,proximal,1,1
Alaina,Wolf,12,F,proximal,2,1
Alaina,Wolf,12,F,proximal,3,1
Alaina,Wolf,12,F,proximal,4,1
Alaina,Wolf,12,F,proximal,5,0
Alaina,Wolf,12,F,proximal,6,1
Alaina,Wolf,12,F,marker,1,0
Alaina,Wolf,12,F,marker,2,0
Alaina,Wolf,12,F,marker,3,0
Alaina,Wolf,12,F,marker,4,1
Alaina,Wolf,12,F,marker,5,1
Alaina,Wolf,12,F,marker,6,1
Alaina,Wolf,12,F,asymmetrical,1,1
Alaina,Wolf,12,F,asymmetrical,2,0
Alaina,Wolf,12,F,asymmetrical,3,1
Alaina,Wolf,12,F,asymmetrical,4,1
Alaina,Wolf,12,F,asymmetrical,5,1
Alaina,Wolf,12,F,asymmetrical,6,1
Alaina,Wolf,12,F,odor,1,0
Alaina,Wolf,12,F,odor,2,0
Alaina,Wolf,12,F,odor,3,1
Alaina,Wolf,12,F,odor,4,0
Alaina,Wolf,12,F,odor,5,1
Alaina,Wolf,12,F,odor,6,0
Clay,Wolf,12,M,proximal,1,1
Clay,Wolf,12,M,proximal,2,0
Clay,Wolf,12,M,proximal,3,0
Clay,Wolf,12,M,proximal,4,1
Clay,Wolf,12,M,proximal,5,1
Clay,Wolf,12,M,proximal,6,1
Clay,Wolf,12,M,marker,1,1
Clay,Wolf,12,M,marker,2,1
Clay,Wolf,12,M,marker,3,0
Clay,Wolf,12,M,marker,4,0
Clay,Wolf,12,M,marker,5,1
Clay,Wolf,12,M,marker,6,0
Clay,Wolf,12,M,asymmetrical,1,0
Clay,Wolf,12,M,asymmetrical,2,1
Clay,Wolf,12,M,asymmetrical,3,0
Clay,Wolf,12,M,asymmetrical,4,0
Clay,Wolf,12,M,asymmetrical,5,1
Clay,Wolf,12,M,asymmetrical,6,0
Clay,Wolf,12,M,odor,1,1
Clay,Wolf,12,M,odor,2,1
Clay,Wolf,12,M,odor,3,0
Clay,Wolf,12,M,odor,4,0
Clay,Wolf,12,M,odor,5,0
Clay,Wolf,12,M,odor,6,0
Cherri,Wolf,12,F,proximal,1,1
Cherri,Wolf,12,F,proximal,2,1
Cherri,Wolf,12,F,proximal,3,0
Cherri,Wolf,12,F,proximal,4,0
Cherri,Wolf,12,F,proximal,5,0
Cherri,Wolf,12,F,proximal,6,0
Cherri,Wolf,12,F,marker,1,1
Cherri,Wolf,12,F,marker,2,0
Cherri,Wolf,12,F,marker,3,1
Cherri,Wolf,12,F,marker,4,0
Cherri,Wolf,12,F,marker,5,1
Cherri,Wolf,12,F,marker,6,1
Cherri,Wolf,12,F,asymmetrical,1,1
Cherri,Wolf,12,F,asymmetrical,2,0
Cherri,Wolf,12,F,asymmetrical,3,0
Cherri,Wolf,12,F,asymmetrical,4,1
Cherri,Wolf,12,F,asymmetrical,5,1
Cherri,Wolf,12,F,asymmetrical,6,0
Cherri,Wolf,12,F,odor,1,1
Cherri,Wolf,12,F,odor,2,1
Cherri,Wolf,12,F,odor,3,0
Cherri,Wolf,12,F,odor,4,0
Cherri,Wolf,12,F,odor,5,0
Cherri,Wolf,12,F,odor,6,1
Tiny,Wolf,12,F,proximal,1,1
Tiny,Wolf,12,F,proximal,2,1
Tiny,Wolf,12,F,proximal,3,1
Tiny,Wolf,12,F,proximal,4,0
Tiny,Wolf,12,F,proximal,5,1
Tiny,Wolf,12,F,proximal,6,0
Tiny,Wolf,12,F,marker,1,1
Tiny,Wolf,12,F,marker,2,0
Tiny,Wolf,12,F,marker,3,0
Tiny,Wolf,12,F,marker,4,0
Tiny,Wolf,12,F,marker,5,0
Tiny,Wolf,12,F,marker,6,0
Tiny,Wolf,12,F,asymmetrical,1,0
Tiny,Wolf,12,F,asymmetrical,2,0
Tiny,Wolf,12,F,asymmetrical,3,0
Tiny,Wolf,12,F,asymmetrical,4,0
Tiny,Wolf,12,F,asymmetrical,5,0
Tiny,Wolf,12,F,asymmetrical,6,0
Tiny,Wolf,12,F,odor,1,0
Tiny,Wolf,12,F,odor,2,0
Tiny,Wolf,12,F,odor,3,0
Tiny,Wolf,12,F,odor,4,1
Tiny,Wolf,12,F,odor,5,0
Tiny,Wolf,12,F,odor,6,0
Grey,Wolf,12,M,proximal,1,0
Grey,Wolf,12,M,proximal,2,1
Grey,Wolf,12,M,proximal,3,0
Grey,Wolf,12,M,proximal,4,1
Grey,Wolf,12,M,proximal,5,1
Grey,Wolf,12,M,proximal,6,0
Grey,Wolf,12,M,marker,1,1
Grey,Wolf,12,M,marker,2,1
Grey,Wolf,12,M,marker,3,1
Grey,Wolf,12,M,marker,4,1
Grey,Wolf,12,M,marker,5,1
Grey,Wolf,12,M,marker,6,1
Grey,Wolf,12,M,asymmetrical,1,0
Grey,Wolf,12,M,asymmetrical,2,0
Grey,Wolf,12,M,asymmetrical,3,0
Grey,Wolf,12,M,asymmetrical,4,0
Grey,Wolf,12,M,asymmetrical,5,0
Grey,Wolf,12,M,asymmetrical,6,0
Grey,Wolf,12,M,odor,1,0
Grey,Wolf,12,M,odor,2,0
Grey,Wolf,12,M,odor,3,1
Grey,Wolf,12,M,odor,4,0
Grey,Wolf,12,M,odor,5,1
Grey,Wolf,12,M,odor,6,0
Mara,Wolf,9,F,proximal,1,1
Mara,Wolf,9,F,proximal,2,1
Mara,Wolf,9,F,proximal,3,1
Mara,Wolf,9,F,proximal,4,1
Mara,Wolf,9,F,proximal,5,0
Mara,Wolf,9,F,proximal,6,1
Mara,Wolf,9,F,marker,1,0
Mara,Wolf,9,F,marker,2,1
Mara,Wolf,9,F,marker,3,0
Mara,Wolf,9,F,marker,4,1
Mara,Wolf,9,F,marker,5,1
Mara,Wolf,9,F,marker,6,0
Mara,Wolf,9,F,asymmetrical,1,0
Mara,Wolf,9,F,asymmetrical,2,0
Mara,Wolf,9,F,asymmetrical,3,1
Mara,Wolf,9,F,asymmetrical,4,0
Mara,Wolf,9,F,asymmetrical,5,0
Mara,Wolf,9,F,asymmetrical,6,1
Mara,Wolf,9,F,odor,1,0
Mara,Wolf,9,F,odor,2,0
Mara,Wolf,9,F,odor,3,0
Mara,Wolf,9,F,odor,4,1
Mara,Wolf,9,F,odor,5,1
Mara,Wolf,9,F,odor,6,0
Dwight,Wolf,9,M,proximal,1,0
Dwight,Wolf,9,M,proximal,2,1
Dwight,Wolf,9,M,proximal,3,1
Dwight,Wolf,9,M,proximal,4,1
Dwight,Wolf,9,M,proximal,5,0
Dwight,Wolf,9,M,proximal,6,1
Dwight,Wolf,9,M,marker,1,1
Dwight,Wolf,9,M,marker,2,0
Dwight,Wolf,9,M,marker,3,1
Dwight,Wolf,9,M,marker,4,1
Dwight,Wolf,9,M,marker,5,1
Dwight,Wolf,9,M,marker,6,1
Dwight,Wolf,9,M,asymmetrical,1,0
Dwight,Wolf,9,M,asymmetrical,2,0
Dwight,Wolf,9,M,asymmetrical,3,1
Dwight,Wolf,9,M,asymmetrical,4,1
Dwight,Wolf,9,M,asymmetrical,5,0
Dwight,Wolf,9,M,asymmetrical,6,1
Dwight,Wolf,9,M,odor,1,1
Dwight,Wolf,9,M,odor,2,0
Dwight,Wolf,9,M,odor,3,0
Dwight,Wolf,9,M,odor,4,0
Dwight,Wolf,9,M,odor,5,1
Dwight,Wolf,9,M,odor,6,0
Garland,Wolf,12,M,proximal,1,0
Garland,Wolf,12,M,proximal,2,1
Garland,Wolf,12,M,proximal,3,1
Garland,Wolf,12,M,proximal,4,0
Garland,Wolf,12,M,proximal,5,1
Garland,Wolf,12,M,proximal,6,0
Garland,Wolf,12,M,marker,1,0
Garland,Wolf,12,M,marker,2,1
Garland,Wolf,12,M,marker,3,1
Garland,Wolf,12,M,marker,4,1
Garland,Wolf,12,M,marker,5,1
Garland,Wolf,12,M,marker,6,0
Garland,Wolf,12,M,asymmetrical,1,0
Garland,Wolf,12,M,asymmetrical,2,1
Garland,Wolf,12,M,asymmetrical,3,0
Garland,Wolf,12,M,asymmetrical,4,0
Garland,Wolf,12,M,asymmetrical,5,0
Garland,Wolf,12,M,asymmetrical,6,0
Garland,Wolf,12,M,odor,1,0
Garland,Wolf,12,M,odor,2,1
Garland,Wolf,12,M,odor,3,1
Garland,Wolf,12,M,odor,4,0
Garland,Wolf,12,M,odor,5,0
Garland,Wolf,12,M,odor,6,1
Kameron,Wolf,9,M,proximal,1,1
Kameron,Wolf,9,M,proximal,2,0
Kameron,Wolf,9,M,proximal,3,1
Kameron,Wolf,9,M,proximal,4,0
Kameron,Wolf,9,M,proximal,5,0
Kameron,Wolf,9,M,proximal,6,1
Kameron,Wolf,9,M,marker,1,1
Kameron,Wolf,9,M,marker,2,0
Kameron,Wolf,9,M,marker,3,1
Kameron,Wolf,9,M,marker,4,0
Kameron,Wolf,9,M,marker,5,1
Kameron,Wolf,9,M,marker,6,1
Kameron,Wolf,9,M,asymmetrical,1,1
Kameron,Wolf,9,M,asymmetrical,2,1
Kameron,Wolf,9,M,asymmetrical,3,0
Kameron,Wolf,9,M,asymmetrical,4,1
Kameron,Wolf,9,M,asymmetrical,5,1
Kameron,Wolf,9,M,asymmetrical,6,0
Kameron,Wolf,9,M,odor,1,0
Kameron,Wolf,9,M,odor,2,0
Kameron,Wolf,9,M,odor,3,0
Kameron,Wolf,9,M,odor,4,0
Kameron,Wolf,9,M,odor,5,0
Kameron,Wolf,9,M,odor,6,0
Gavin,Wolf,12,M,proximal,1,1
Gavin,Wolf,12,M,proximal,2,1
Gavin,Wolf,12,M,proximal,3,0
Gavin,Wolf,12,M,proximal,4,0
Gavin,Wolf,12,M,proximal,5,1
Gavin,Wolf,12,M,proximal,6,1
Gavin,Wolf,12,M,marker,1,1
Gavin,Wolf,12,M,marker,2,0
Gavin,Wolf,12,M,marker,3,0
Gavin,Wolf,12,M,marker,4,0
Gavin,Wolf,12,M,marker,5,1
Gavin,Wolf,12,M,marker,6,1
Gavin,Wolf,12,M,asymmetrical,1,0
Gavin,Wolf,12,M,asymmetrical,2,0
Gavin,Wolf,12,M,asymmetrical,3,0
Gavin,Wolf,12,M,asymmetrical,4,0
Gavin,Wolf,12,M,asymmetrical,5,0
Gavin,Wolf,12,M,asymmetrical,6,0
Gavin,Wolf,12,M,odor,1,0
Gavin,Wolf,12,M,odor,2,0
Gavin,Wolf,12,M,odor,3,1
Gavin,Wolf,12,M,odor,4,1
Gavin,Wolf,12,M,odor,5,1
Gavin,Wolf,12,M,odor,6,1
Nathan,Wolf,12,M,proximal,1,1
Nathan,Wolf,12,M,proximal,2,1
Nathan,Wolf,12,M,proximal,3,0
Nathan,Wolf,12,M,proximal,4,1
Nathan,Wolf,12,M,proximal,5,1
Nathan,Wolf,12,M,proximal,6,1
Nathan,Wolf,12,M,marker,1,0
Nathan,Wolf,12,M,marker,2,1
Nathan,Wolf,12,M,marker,3,1
Nathan,Wolf,12,M,marker,4,1
Nathan,Wolf,12,M,marker,5,0
Nathan,Wolf,12,M,marker,6,1
Nathan,Wolf,12,M,asymmetrical,1,1
Nathan,Wolf,12,M,asymmetrical,2,0
Nathan,Wolf,12,M,asymmetrical,3,0
Nathan,Wolf,12,M,asymmetrical,4,0
Nathan,Wolf,12,M,asymmetrical,5,1
Nathan,Wolf,12,M,asymmetrical,6,0
Nathan,Wolf,12,M,odor,1,0
Nathan,Wolf,12,M,odor,2,1
Nathan,Wolf,12,M,odor,3,1
Nathan,Wolf,12,M,odor,4,0
Nathan,Wolf,12,M,odor,5,0
Nathan,Wolf,12,M,odor,6,1
Jordan,Wolf,13,F,proximal,1,1
Jordan,Wolf,13,F,proximal,2,1
Jordan,Wolf,13,F,proximal,3,0
Jordan,Wolf,13,F,proximal,4,0
Jordan,Wolf,13,F,proximal,5,1
Jordan,Wolf,13,F,proximal,6,1
Jordan,Wolf,13,F,marker,1,1
Jordan,Wolf,13,F,marker,2,1
Jordan,Wolf,13,F,marker,3,0
Jordan,Wolf,13,F,marker,4,1
Jordan,Wolf,13,F,marker,5,1
Jordan,Wolf,13,F,marker,6,0
Jordan,Wolf,13,F,asymmetrical,1,1
Jordan,Wolf,13,F,asymmetrical,2,0
Jordan,Wolf,13,F,asymmetrical,3,1
Jordan,Wolf,13,F,asymmetrical,4,1
Jordan,Wolf,13,F,asymmetrical,5,0
Jordan,Wolf,13,F,asymmetrical,6,1
Jordan,Wolf,13,F,odor,1,1
Jordan,Wolf,13,F,odor,2,0
Jordan,Wolf,13,F,odor,3,1
Jordan,Wolf,13,F,odor,4,1
Jordan,Wolf,13,F,odor,5,1
Jordan,Wolf,13,F,odor,6,0
Dwayne,Wolf,12,M,proximal,1,1
Dwayne,Wolf,12,M,proximal,2,1
Dwayne,Wolf,12,M,proximal,3,0
Dwayne,Wolf,12,M,proximal,4,0
Dwayne,Wolf,12,M,proximal,5,1
Dwayne,Wolf,12,M,proximal,6,0
Dwayne,Wolf,12,M,marker,1,0
Dwayne,Wolf,12,M,marker,2,1
Dwayne,Wolf,12,M,marker,3,0
Dwayne,Wolf,12,M,marker,4,1
Dwayne,Wolf,12,M,marker,5,1
Dwayne,Wolf,12,M,marker,6,0
Dwayne,Wolf,12,M,asymmetrical,1,1
Dwayne,Wolf,12,M,asymmetrical,2,1
Dwayne,Wolf,12,M,asymmetrical,3,1
Dwayne,Wolf,12,M,asymmetrical,4,1
Dwayne,Wolf,12,M,asymmetrical,5,1
Dwayne,Wolf,12,M,asymmetrical,6,1
Dwayne,Wolf,12,M,odor,1,0
Dwayne,Wolf,12,M,odor,2,1
Dwayne,Wolf,12,M,odor,3,1
Dwayne,Wolf,12,M,odor,4,0
Dwayne,Wolf,12,M,odor,5,0
Dwayne,Wolf,12,M,odor,6,1
Artemis,Wolf,12,F,proximal,1,0
Artemis,Wolf,12,F,proximal,2,0
Artemis,Wolf,12,F,proximal,3,1
Artemis,Wolf,12,F,proximal,4,1
Artemis,Wolf,12,F,proximal,5,0
Artemis,Wolf,12,F,proximal,6,1
Artemis,Wolf,12,F,marker,1,0
Artemis,Wolf,12,F,marker,2,0
Artemis,Wolf,12,F,marker,3,1
Artemis,Wolf,12,F,marker,4,0
Artemis,Wolf,12,F,marker,5,0
Artemis,Wolf,12,F,marker,6,1
Artemis,Wolf,12,F,asymmetrical,1,0
Artemis,Wolf,12,F,asymmetrical,2,1
Artemis,Wolf,12,F,asymmetrical,3,0
Artemis,Wolf,12,F,asymmetrical,4,0
Artemis,Wolf,12,F,asymmetrical,5,1
Artemis,Wolf,12,F,asymmetrical,6,0
Artemis,Wolf,12,F,odor,1,0
Artemis,Wolf,12,F,odor,2,1
Artemis,Wolf,12,F,odor,3,0
Artemis,Wolf,12,F,odor,4,0
Artemis,Wolf,12,F,odor,5,0
Artemis,Wolf,12,F,odor,6,1
Freya,Wolf,12,F,proximal,1,0
Freya,Wolf,12,F,proximal,2,0
Freya,Wolf,12,F,proximal,3,1
Freya,Wolf,12,F,proximal,4,1
Freya,Wolf,12,F,proximal,5,0
Freya,Wolf,12,F,proximal,6,1
Freya,Wolf,12,F,marker,1,1
Freya,Wolf,12,F,marker,2,1
Freya,Wolf,12,F,marker,3,1
Freya,Wolf,12,F,marker,4,0
Freya,Wolf,12,F,marker,5,0
Freya,Wolf,12,F,marker,6,0
Freya,Wolf,12,F,asymmetrical,1,1
Freya,Wolf,12,F,asymmetrical,2,1
Freya,Wolf,12,F,asymmetrical,3,0
Freya,Wolf,12,F,asymmetrical,4,0
Freya,Wolf,12,F,asymmetrical,5,1
Freya,Wolf,12,F,asymmetrical,6,0
Freya,Wolf,12,F,odor,1,NA
Freya,Wolf,12,F,odor,2,NA
Freya,Wolf,12,F,odor,3,NA
Freya,Wolf,12,F,odor,4,NA
Freya,Wolf,12,F,odor,5,NA
Freya,Wolf,12,F,odor,6,NA
Jane,Wolf,13,F,proximal,1,0
Jane,Wolf,13,F,proximal,2,0
Jane,Wolf,13,F,proximal,3,1
Jane,Wolf,13,F,proximal,4,1
Jane,Wolf,13,F,proximal,5,1
Jane,Wolf,13,F,proximal,6,1
Jane,Wolf,13,F,marker,1,1
Jane,Wolf,13,F,marker,2,0
Jane,Wolf,13,F,marker,3,1
Jane,Wolf,13,F,marker,4,0
Jane,Wolf,13,F,marker,5,0
Jane,Wolf,13,F,marker,6,0
Jane,Wolf,13,F,asymmetrical,1,1
Jane,Wolf,13,F,asymmetrical,2,1
Jane,Wolf,13,F,asymmetrical,3,1
Jane,Wolf,13,F,asymmetrical,4,1
Jane,Wolf,13,F,asymmetrical,5,1
Jane,Wolf,13,F,asymmetrical,6,1
Jane,Wolf,13,F,odor,1,0
Jane,Wolf,13,F,odor,2,1
Jane,Wolf,13,F,odor,3,1
Jane,Wolf,13,F,odor,4,0
Jane,Wolf,13,F,odor,5,1
Jane,Wolf,13,F,odor,6,1
Gallo,Wolf,10,M,proximal,1,1
Gallo,Wolf,10,M,proximal,2,0
Gallo,Wolf,10,M,proximal,3,1
Gallo,Wolf,10,M,proximal,4,1
Gallo,Wolf,10,M,proximal,5,0
Gallo,Wolf,10,M,proximal,6,0
Gallo,Wolf,10,M,marker,1,1
Gallo,Wolf,10,M,marker,2,1
Gallo,Wolf,10,M,marker,3,1
Gallo,Wolf,10,M,marker,4,1
Gallo,Wolf,10,M,marker,5,0
Gallo,Wolf,10,M,marker,6,1
Gallo,Wolf,10,M,asymmetrical,1,0
Gallo,Wolf,10,M,asymmetrical,2,1
Gallo,Wolf,10,M,asymmetrical,3,0
Gallo,Wolf,10,M,asymmetrical,4,0
Gallo,Wolf,10,M,asymmetrical,5,1
Gallo,Wolf,10,M,asymmetrical,6,0
Gallo,Wolf,10,M,odor,1,0
Gallo,Wolf,10,M,odor,2,0
Gallo,Wolf,10,M,odor,3,1
Gallo,Wolf,10,M,odor,4,1
Gallo,Wolf,10,M,odor,5,1
Gallo,Wolf,10,M,odor,6,0
Madoni,Wolf,10,F,proximal,1,1
Madoni,Wolf,10,F,proximal,2,1
Madoni,Wolf,10,F,proximal,3,1
Madoni,Wolf,10,F,proximal,4,1
Madoni,Wolf,10,F,proximal,5,0
Madoni,Wolf,10,F,proximal,6,1
Madoni,Wolf,10,F,marker,1,1
Madoni,Wolf,10,F,marker,2,0
Madoni,Wolf,10,F,marker,3,1
Madoni,Wolf,10,F,marker,4,0
Madoni,Wolf,10,F,marker,5,1
Madoni,Wolf,10,F,marker,6,1
Madoni,Wolf,10,F,asymmetrical,1,0
Madoni,Wolf,10,F,asymmetrical,2,1
Madoni,Wolf,10,F,asymmetrical,3,0
Madoni,Wolf,10,F,asymmetrical,4,0
Madoni,Wolf,10,F,asymmetrical,5,1
Madoni,Wolf,10,F,asymmetrical,6,0
Madoni,Wolf,10,F,odor,1,0
Madoni,Wolf,10,F,odor,2,1
Madoni,Wolf,10,F,odor,3,1
Madoni,Wolf,10,F,odor,4,0
Madoni,Wolf,10,F,odor,5,0
Madoni,Wolf,10,F,odor,6,1
Franklin,Dog,13,M,proximal,1,1
Franklin,Dog,13,M,proximal,2,1
Franklin,Dog,13,M,proximal,3,1
Franklin,Dog,13,M,proximal,4,1
Franklin,Dog,13,M,proximal,5,1
Franklin,Dog,13,M,proximal,6,1
Franklin,Dog,13,M,marker,1,1
Franklin,Dog,13,M,marker,2,1
Franklin,Dog,13,M,marker,3,0
Franklin,Dog,13,M,marker,4,1
Franklin,Dog,13,M,marker,5,1
Franklin,Dog,13,M,marker,6,0
Franklin,Dog,13,M,asymmetrical,1,0
Franklin,Dog,13,M,asymmetrical,2,1
Franklin,Dog,13,M,asymmetrical,3,0
Franklin,Dog,13,M,asymmetrical,4,1
Franklin,Dog,13,M,asymmetrical,5,0
Franklin,Dog,13,M,asymmetrical,6,1
Franklin,Dog,13,M,odor,1,1
Franklin,Dog,13,M,odor,2,1
Franklin,Dog,13,M,odor,3,0
Franklin,Dog,13,M,odor,4,0
Franklin,Dog,13,M,odor,5,1
Franklin,Dog,13,M,odor,6,1
Booth,Dog,13,M,proximal,1,1
Booth,Dog,13,M,proximal,2,1
Booth,Dog,13,M,proximal,3,1
Booth,Dog,13,M,proximal,4,1
Booth,Dog,13,M,proximal,5,1
Booth,Dog,13,M,proximal,6,1
Booth,Dog,13,M,marker,1,1
Booth,Dog,13,M,marker,2,0
Booth,Dog,13,M,marker,3,0
Booth,Dog,13,M,marker,4,0
Booth,Dog,13,M,marker,5,1
Booth,Dog,13,M,marker,6,1
Booth,Dog,13,M,asymmetrical,1,0
Booth,Dog,13,M,asymmetrical,2,1
Booth,Dog,13,M,asymmetrical,3,1
Booth,Dog,13,M,asymmetrical,4,1
Booth,Dog,13,M,asymmetrical,5,1
Booth,Dog,13,M,asymmetrical,6,1
Booth,Dog,13,M,odor,1,0
Booth,Dog,13,M,odor,2,0
Booth,Dog,13,M,odor,3,1
Booth,Dog,13,M,odor,4,0
Booth,Dog,13,M,odor,5,0
Booth,Dog,13,M,odor,6,0
Brooks,Dog,12,F,proximal,1,1
Brooks,Dog,12,F,proximal,2,1
Brooks,Dog,12,F,proximal,3,1
Brooks,Dog,12,F,proximal,4,1
Brooks,Dog,12,F,proximal,5,1
Brooks,Dog,12,F,proximal,6,1
Brooks,Dog,12,F,marker,1,1
Brooks,Dog,12,F,marker,2,1
Brooks,Dog,12,F,marker,3,1
Brooks,Dog,12,F,marker,4,1
Brooks,Dog,12,F,marker,5,1
Brooks,Dog,12,F,marker,6,1
Brooks,Dog,12,F,asymmetrical,1,1
Brooks,Dog,12,F,asymmetrical,2,0
Brooks,Dog,12,F,asymmetrical,3,0
Brooks,Dog,12,F,asymmetrical,4,1
Brooks,Dog,12,F,asymmetrical,5,1
Brooks,Dog,12,F,asymmetrical,6,0
Brooks,Dog,12,F,odor,1,0
Brooks,Dog,12,F,odor,2,0
Brooks,Dog,12,F,odor,3,1
Brooks,Dog,12,F,odor,4,1
Brooks,Dog,12,F,odor,5,1
Brooks,Dog,12,F,odor,6,1
Hollis,Dog,12,F,proximal,1,1
Hollis,Dog,12,F,proximal,2,0
Hollis,Dog,12,F,proximal,3,1
Hollis,Dog,12,F,proximal,4,1
Hollis,Dog,12,F,proximal,5,1
Hollis,Dog,12,F,proximal,6,0
Hollis,Dog,12,F,marker,1,0
Hollis,Dog,12,F,marker,2,1
Hollis,Dog,12,F,marker,3,0
Hollis,Dog,12,F,marker,4,1
Hollis,Dog,12,F,marker,5,1
Hollis,Dog,12,F,marker,6,0
Hollis,Dog,12,F,asymmetrical,1,0
Hollis,Dog,12,F,asymmetrical,2,1
Hollis,Dog,12,F,asymmetrical,3,1
Hollis,Dog,12,F,asymmetrical,4,0
Hollis,Dog,12,F,asymmetrical,5,1
Hollis,Dog,12,F,asymmetrical,6,1
Hollis,Dog,12,F,odor,1,1
Hollis,Dog,12,F,odor,2,0
Hollis,Dog,12,F,odor,3,1
Hollis,Dog,12,F,odor,4,1
Hollis,Dog,12,F,odor,5,1
Hollis,Dog,12,F,odor,6,1
Wade,Dog,12,F,proximal,1,1
Wade,Dog,12,F,proximal,2,1
Wade,Dog,12,F,proximal,3,1
Wade,Dog,12,F,proximal,4,1
Wade,Dog,12,F,proximal,5,1
Wade,Dog,12,F,proximal,6,1
Wade,Dog,12,F,marker,1,0
Wade,Dog,12,F,marker,2,1
Wade,Dog,12,F,marker,3,1
Wade,Dog,12,F,marker,4,0
Wade,Dog,12,F,marker,5,1
Wade,Dog,12,F,marker,6,0
Wade,Dog,12,F,asymmetrical,1,0
Wade,Dog,12,F,asymmetrical,2,1
Wade,Dog,12,F,asymmetrical,3,1
Wade,Dog,12,F,asymmetrical,4,0
Wade,Dog,12,F,asymmetrical,5,1
Wade,Dog,12,F,asymmetrical,6,0
Wade,Dog,12,F,odor,1,1
Wade,Dog,12,F,odor,2,0
Wade,Dog,12,F,odor,3,1
Wade,Dog,12,F,odor,4,1
Wade,Dog,12,F,odor,5,1
Wade,Dog,12,F,odor,6,0
Hampshire,Dog,11,F,proximal,1,1
Hampshire,Dog,11,F,proximal,2,1
Hampshire,Dog,11,F,proximal,3,1
Hampshire,Dog,11,F,proximal,4,0
Hampshire,Dog,11,F,proximal,5,0
Hampshire,Dog,11,F,proximal,6,0
Hampshire,Dog,11,F,marker,1,0
Hampshire,Dog,11,F,marker,2,1
Hampshire,Dog,11,F,marker,3,0
Hampshire,Dog,11,F,marker,4,0
Hampshire,Dog,11,F,marker,5,1
Hampshire,Dog,11,F,marker,6,0
Hampshire,Dog,11,F,asymmetrical,1,0
Hampshire,Dog,11,F,asymmetrical,2,1
Hampshire,Dog,11,F,asymmetrical,3,0
Hampshire,Dog,11,F,asymmetrical,4,1
Hampshire,Dog,11,F,asymmetrical,5,1
Hampshire,Dog,11,F,asymmetrical,6,0
Hampshire,Dog,11,F,odor,1,1
Hampshire,Dog,11,F,odor,2,1
Hampshire,Dog,11,F,odor,3,0
Hampshire,Dog,11,F,odor,4,0
Hampshire,Dog,11,F,odor,5,1
Hampshire,Dog,11,F,odor,6,0
Penn,Dog,11,F,proximal,1,1
Penn,Dog,11,F,proximal,2,1
Penn,Dog,11,F,proximal,3,1
Penn,Dog,11,F,proximal,4,1
Penn,Dog,11,F,proximal,5,1
Penn,Dog,11,F,proximal,6,1
Penn,Dog,11,F,marker,1,1
Penn,Dog,11,F,marker,2,1
Penn,Dog,11,F,marker,3,1
Penn,Dog,11,F,marker,4,1
Penn,Dog,11,F,marker,5,1
Penn,Dog,11,F,marker,6,1
Penn,Dog,11,F,asymmetrical,1,0
Penn,Dog,11,F,asymmetrical,2,0
Penn,Dog,11,F,asymmetrical,3,0
Penn,Dog,11,F,asymmetrical,4,0
Penn,Dog,11,F,asymmetrical,5,1
Penn,Dog,11,F,asymmetrical,6,0
Penn,Dog,11,F,odor,1,1
Penn,Dog,11,F,odor,2,0
Penn,Dog,11,F,odor,3,1
Penn,Dog,11,F,odor,4,1
Penn,Dog,11,F,odor,5,1
Penn,Dog,11,F,odor,6,0
Porter,Dog,11,F,proximal,1,1
Porter,Dog,11,F,proximal,2,0
Porter,Dog,11,F,proximal,3,0
Porter,Dog,11,F,proximal,4,0
Porter,Dog,11,F,proximal,5,1
Porter,Dog,11,F,proximal,6,0
Porter,Dog,11,F,marker,1,1
Porter,Dog,11,F,marker,2,1
Porter,Dog,11,F,marker,3,1
Porter,Dog,11,F,marker,4,1
Porter,Dog,11,F,marker,5,0
Porter,Dog,11,F,marker,6,1
Porter,Dog,11,F,asymmetrical,1,0
Porter,Dog,11,F,asymmetrical,2,1
Porter,Dog,11,F,asymmetrical,3,0
Porter,Dog,11,F,asymmetrical,4,1
Porter,Dog,11,F,asymmetrical,5,0
Porter,Dog,11,F,asymmetrical,6,0
Porter,Dog,11,F,odor,1,1
Porter,Dog,11,F,odor,2,0
Porter,Dog,11,F,odor,3,0
Porter,Dog,11,F,odor,4,0
Porter,Dog,11,F,odor,5,0
Porter,Dog,11,F,odor,6,0
Divot,Dog,13,M,proximal,1,1
Divot,Dog,13,M,proximal,2,1
Divot,Dog,13,M,proximal,3,1
Divot,Dog,13,M,proximal,4,1
Divot,Dog,13,M,proximal,5,1
Divot,Dog,13,M,proximal,6,1
Divot,Dog,13,M,marker,1,1
Divot,Dog,13,M,marker,2,1
Divot,Dog,13,M,marker,3,1
Divot,Dog,13,M,marker,4,0
Divot,Dog,13,M,marker,5,0
Divot,Dog,13,M,marker,6,1
Divot,Dog,13,M,asymmetrical,1,0
Divot,Dog,13,M,asymmetrical,2,0
Divot,Dog,13,M,asymmetrical,3,0
Divot,Dog,13,M,asymmetrical,4,0
Divot,Dog,13,M,asymmetrical,5,1
Divot,Dog,13,M,asymmetrical,6,0
Divot,Dog,13,M,odor,1,0
Divot,Dog,13,M,odor,2,1
Divot,Dog,13,M,odor,3,1
Divot,Dog,13,M,odor,4,0
Divot,Dog,13,M,odor,5,1
Divot,Dog,13,M,odor,6,1
JGrey,Dog,11,M,proximal,1,1
JGrey,Dog,11,M,proximal,2,1
JGrey,Dog,11,M,proximal,3,1
JGrey,Dog,11,M,proximal,4,1
JGrey,Dog,11,M,proximal,5,1
JGrey,Dog,11,M,proximal,6,1
JGrey,Dog,11,M,marker,1,1
JGrey,Dog,11,M,marker,2,1
JGrey,Dog,11,M,marker,3,1
JGrey,Dog,11,M,marker,4,1
JGrey,Dog,11,M,marker,5,0
JGrey,Dog,11,M,marker,6,1
JGrey,Dog,11,M,asymmetrical,1,0
JGrey,Dog,11,M,asymmetrical,2,0
JGrey,Dog,11,M,asymmetrical,3,0
JGrey,Dog,11,M,asymmetrical,4,0
JGrey,Dog,11,M,asymmetrical,5,0
JGrey,Dog,11,M,asymmetrical,6,0
JGrey,Dog,11,M,odor,1,1
JGrey,Dog,11,M,odor,2,1
JGrey,Dog,11,M,odor,3,0
JGrey,Dog,11,M,odor,4,1
JGrey,Dog,11,M,odor,5,0
JGrey,Dog,11,M,odor,6,1
Apollo,Dog,13,M,proximal,1,1
Apollo,Dog,13,M,proximal,2,1
Apollo,Dog,13,M,proximal,3,0
Apollo,Dog,13,M,proximal,4,1
Apollo,Dog,13,M,proximal,5,1
Apollo,Dog,13,M,proximal,6,1
Apollo,Dog,13,M,marker,1,1
Apollo,Dog,13,M,marker,2,1
Apollo,Dog,13,M,marker,3,1
Apollo,Dog,13,M,marker,4,1
Apollo,Dog,13,M,marker,5,1
Apollo,Dog,13,M,marker,6,0
Apollo,Dog,13,M,asymmetrical,1,0
Apollo,Dog,13,M,asymmetrical,2,1
Apollo,Dog,13,M,asymmetrical,3,1
Apollo,Dog,13,M,asymmetrical,4,1
Apollo,Dog,13,M,asymmetrical,5,0
Apollo,Dog,13,M,asymmetrical,6,1
Apollo,Dog,13,M,odor,1,1
Apollo,Dog,13,M,odor,2,0
Apollo,Dog,13,M,odor,3,0
Apollo,Dog,13,M,odor,4,0
Apollo,Dog,13,M,odor,5,1
Apollo,Dog,13,M,odor,6,NA
Zelda,Dog,14,F,proximal,1,1
Zelda,Dog,14,F,proximal,2,1
Zelda,Dog,14,F,proximal,3,0
Zelda,Dog,14,F,proximal,4,0
Zelda,Dog,14,F,proximal,5,1
Zelda,Dog,14,F,proximal,6,0
Zelda,Dog,14,F,marker,1,1
Zelda,Dog,14,F,marker,2,1
Zelda,Dog,14,F,marker,3,1
Zelda,Dog,14,F,marker,4,1
Zelda,Dog,14,F,marker,5,1
Zelda,Dog,14,F,marker,6,1
Zelda,Dog,14,F,asymmetrical,1,0
Zelda,Dog,14,F,asymmetrical,2,0
Zelda,Dog,14,F,asymmetrical,3,1
Zelda,Dog,14,F,asymmetrical,4,0
Zelda,Dog,14,F,asymmetrical,5,NA
Zelda,Dog,14,F,asymmetrical,6,NA
Zelda,Dog,14,F,odor,1,1
Zelda,Dog,14,F,odor,2,0
Zelda,Dog,14,F,odor,3,0
Zelda,Dog,14,F,odor,4,1
Zelda,Dog,14,F,odor,5,1
Zelda,Dog,14,F,odor,6,1
Orion,Dog,16,M,proximal,1,1
Orion,Dog,16,M,proximal,2,1
Orion,Dog,16,M,proximal,3,1
Orion,Dog,16,M,proximal,4,1
Orion,Dog,16,M,proximal,5,1
Orion,Dog,16,M,proximal,6,1
Orion,Dog,16,M,marker,1,1
Orion,Dog,16,M,marker,2,1
Orion,Dog,16,M,marker,3,1
Orion,Dog,16,M,marker,4,0
Orion,Dog,16,M,marker,5,0
Orion,Dog,16,M,marker,6,1
Orion,Dog,16,M,asymmetrical,1,0
Orion,Dog,16,M,asymmetrical,2,0
Orion,Dog,16,M,asymmetrical,3,0
Orion,Dog,16,M,asymmetrical,4,0
Orion,Dog,16,M,asymmetrical,5,1
Orion,Dog,16,M,asymmetrical,6,1
Orion,Dog,16,M,odor,1,0
Orion,Dog,16,M,odor,2,1
Orion,Dog,16,M,odor,3,1
Orion,Dog,16,M,odor,4,0
Orion,Dog,16,M,odor,5,0
Orion,Dog,16,M,odor,6,1
CCI01,Dog,18,M,proximal,1,1
CCI01,Dog,18,M,proximal,2,1
CCI01,Dog,18,M,proximal,3,1
CCI01,Dog,18,M,proximal,4,1
CCI01,Dog,18,M,proximal,5,1
CCI01,Dog,18,M,proximal,6,1
CCI01,Dog,18,M,marker,1,1
CCI01,Dog,18,M,marker,2,0
CCI01,Dog,18,M,marker,3,0
CCI01,Dog,18,M,marker,4,1
CCI01,Dog,18,M,marker,5,0
CCI01,Dog,18,M,marker,6,1
CCI01,Dog,18,M,asymmetrical,1,0
CCI01,Dog,18,M,asymmetrical,2,0
CCI01,Dog,18,M,asymmetrical,3,1
CCI01,Dog,18,M,asymmetrical,4,0
CCI01,Dog,18,M,asymmetrical,5,0
CCI01,Dog,18,M,asymmetrical,6,1
CCI01,Dog,18,M,odor,1,1
CCI01,Dog,18,M,odor,2,0
CCI01,Dog,18,M,odor,3,0
CCI01,Dog,18,M,odor,4,1
CCI01,Dog,18,M,odor,5,1
CCI01,Dog,18,M,odor,6,0
CCI02,Dog,15,M,proximal,1,1
CCI02,Dog,15,M,proximal,2,1
CCI02,Dog,15,M,proximal,3,0
CCI02,Dog,15,M,proximal,4,1
CCI02,Dog,15,M,proximal,5,1
CCI02,Dog,15,M,proximal,6,0
CCI02,Dog,15,M,marker,1,1
CCI02,Dog,15,M,marker,2,1
CCI02,Dog,15,M,marker,3,1
CCI02,Dog,15,M,marker,4,1
CCI02,Dog,15,M,marker,5,1
CCI02,Dog,15,M,marker,6,1
CCI02,Dog,15,M,asymmetrical,1,0
CCI02,Dog,15,M,asymmetrical,2,1
CCI02,Dog,15,M,asymmetrical,3,0
CCI02,Dog,15,M,asymmetrical,4,1
CCI02,Dog,15,M,asymmetrical,5,0
CCI02,Dog,15,M,asymmetrical,6,0
CCI02,Dog,15,M,odor,1,0
CCI02,Dog,15,M,odor,2,1
CCI02,Dog,15,M,odor,3,1
CCI02,Dog,15,M,odor,4,1
CCI02,Dog,15,M,odor,5,0
CCI02,Dog,15,M,odor,6,0
CCI03,Dog,14,M,proximal,1,1
CCI03,Dog,14,M,proximal,2,1
CCI03,Dog,14,M,proximal,3,0
CCI03,Dog,14,M,proximal,4,1
CCI03,Dog,14,M,proximal,5,1
CCI03,Dog,14,M,proximal,6,1
CCI03,Dog,14,M,marker,1,1
CCI03,Dog,14,M,marker,2,0
CCI03,Dog,14,M,marker,3,0
CCI03,Dog,14,M,marker,4,1
CCI03,Dog,14,M,marker,5,0
CCI03,Dog,14,M,marker,6,1
CCI03,Dog,14,M,asymmetrical,1,0
CCI03,Dog,14,M,asymmetrical,2,1
CCI03,Dog,14,M,asymmetrical,3,1
CCI03,Dog,14,M,asymmetrical,4,0
CCI03,Dog,14,M,asymmetrical,5,0
CCI03,Dog,14,M,asymmetrical,6,0
CCI03,Dog,14,M,odor,1,1
CCI03,Dog,14,M,odor,2,0
CCI03,Dog,14,M,odor,3,1
CCI03,Dog,14,M,odor,4,1
CCI03,Dog,14,M,odor,5,0
CCI03,Dog,14,M,odor,6,0
CCI04,Dog,14,M,proximal,1,1
CCI04,Dog,14,M,proximal,2,1
CCI04,Dog,14,M,proximal,3,0
CCI04,Dog,14,M,proximal,4,1
CCI04,Dog,14,M,proximal,5,1
CCI04,Dog,14,M,proximal,6,0
CCI04,Dog,14,M,marker,1,0
CCI04,Dog,14,M,marker,2,0
CCI04,Dog,14,M,marker,3,1
CCI04,Dog,14,M,marker,4,1
CCI04,Dog,14,M,marker,5,0
CCI04,Dog,14,M,marker,6,1
CCI04,Dog,14,M,asymmetrical,1,1
CCI04,Dog,14,M,asymmetrical,2,1
CCI04,Dog,14,M,asymmetrical,3,1
CCI04,Dog,14,M,asymmetrical,4,1
CCI04,Dog,14,M,asymmetrical,5,1
CCI04,Dog,14,M,asymmetrical,6,1
CCI04,Dog,14,M,odor,1,1
CCI04,Dog,14,M,odor,2,1
CCI04,Dog,14,M,odor,3,0
CCI04,Dog,14,M,odor,4,1
CCI04,Dog,14,M,odor,5,1
CCI04,Dog,14,M,odor,6,0
CCI05,Dog,15,M,proximal,1,1
CCI05,Dog,15,M,proximal,2,1
CCI05,Dog,15,M,proximal,3,0
CCI05,Dog,15,M,proximal,4,0
CCI05,Dog,15,M,proximal,5,1
CCI05,Dog,15,M,proximal,6,1
CCI05,Dog,15,M,marker,1,1
CCI05,Dog,15,M,marker,2,1
CCI05,Dog,15,M,marker,3,1
CCI05,Dog,15,M,marker,4,1
CCI05,Dog,15,M,marker,5,1
CCI05,Dog,15,M,marker,6,1
CCI05,Dog,15,M,asymmetrical,1,0
CCI05,Dog,15,M,asymmetrical,2,1
CCI05,Dog,15,M,asymmetrical,3,0
CCI05,Dog,15,M,asymmetrical,4,1
CCI05,Dog,15,M,asymmetrical,5,0
CCI05,Dog,15,M,asymmetrical,6,1
CCI05,Dog,15,M,odor,1,1
CCI05,Dog,15,M,odor,2,0
CCI05,Dog,15,M,odor,3,0
CCI05,Dog,15,M,odor,4,1
CCI05,Dog,15,M,odor,5,0
CCI05,Dog,15,M,odor,6,0
CCI07,Dog,7,M,proximal,1,1
CCI07,Dog,7,M,proximal,2,1
CCI07,Dog,7,M,proximal,3,0
CCI07,Dog,7,M,proximal,4,0
CCI07,Dog,7,M,proximal,5,1
CCI07,Dog,7,M,proximal,6,1
CCI07,Dog,7,M,marker,1,1
CCI07,Dog,7,M,marker,2,1
CCI07,Dog,7,M,marker,3,1
CCI07,Dog,7,M,marker,4,1
CCI07,Dog,7,M,marker,5,1
CCI07,Dog,7,M,marker,6,0
CCI07,Dog,7,M,asymmetrical,1,0
CCI07,Dog,7,M,asymmetrical,2,0
CCI07,Dog,7,M,asymmetrical,3,1
CCI07,Dog,7,M,asymmetrical,4,1
CCI07,Dog,7,M,asymmetrical,5,0
CCI07,Dog,7,M,asymmetrical,6,1
CCI07,Dog,7,M,odor,1,1
CCI07,Dog,7,M,odor,2,0
CCI07,Dog,7,M,odor,3,0
CCI07,Dog,7,M,odor,4,0
CCI07,Dog,7,M,odor,5,1
CCI07,Dog,7,M,odor,6,0
CCI09,Dog,7,F,proximal,1,0
CCI09,Dog,7,F,proximal,2,0
CCI09,Dog,7,F,proximal,3,1
CCI09,Dog,7,F,proximal,4,1
CCI09,Dog,7,F,proximal,5,0
CCI09,Dog,7,F,proximal,6,1
CCI09,Dog,7,F,marker,1,1
CCI09,Dog,7,F,marker,2,1
CCI09,Dog,7,F,marker,3,1
CCI09,Dog,7,F,marker,4,0
CCI09,Dog,7,F,marker,5,1
CCI09,Dog,7,F,marker,6,1
CCI09,Dog,7,F,asymmetrical,1,0
CCI09,Dog,7,F,asymmetrical,2,0
CCI09,Dog,7,F,asymmetrical,3,0
CCI09,Dog,7,F,asymmetrical,4,0
CCI09,Dog,7,F,asymmetrical,5,0
CCI09,Dog,7,F,asymmetrical,6,0
CCI09,Dog,7,F,odor,1,1
CCI09,Dog,7,F,odor,2,0
CCI09,Dog,7,F,odor,3,1
CCI09,Dog,7,F,odor,4,0
CCI09,Dog,7,F,odor,5,0
CCI09,Dog,7,F,odor,6,0
CCI10,Dog,7,F,proximal,1,0
CCI10,Dog,7,F,proximal,2,0
CCI10,Dog,7,F,proximal,3,1
CCI10,Dog,7,F,proximal,4,1
CCI10,Dog,7,F,proximal,5,0
CCI10,Dog,7,F,proximal,6,1
CCI10,Dog,7,F,marker,1,1
CCI10,Dog,7,F,marker,2,0
CCI10,Dog,7,F,marker,3,1
CCI10,Dog,7,F,marker,4,0
CCI10,Dog,7,F,marker,5,0
CCI10,Dog,7,F,marker,6,1
CCI10,Dog,7,F,asymmetrical,1,0
CCI10,Dog,7,F,asymmetrical,2,0
CCI10,Dog,7,F,asymmetrical,3,0
CCI10,Dog,7,F,asymmetrical,4,0
CCI10,Dog,7,F,asymmetrical,5,0
CCI10,Dog,7,F,asymmetrical,6,0
CCI10,Dog,7,F,odor,1,0
CCI10,Dog,7,F,odor,2,0
CCI10,Dog,7,F,odor,3,0
CCI10,Dog,7,F,odor,4,0
CCI10,Dog,7,F,odor,5,1
CCI10,Dog,7,F,odor,6,0
CCI15,Dog,7,M,proximal,1,1
CCI15,Dog,7,M,proximal,2,1
CCI15,Dog,7,M,proximal,3,0
CCI15,Dog,7,M,proximal,4,1
CCI15,Dog,7,M,proximal,5,1
CCI15,Dog,7,M,proximal,6,0
CCI15,Dog,7,M,marker,1,1
CCI15,Dog,7,M,marker,2,1
CCI15,Dog,7,M,marker,3,1
CCI15,Dog,7,M,marker,4,0
CCI15,Dog,7,M,marker,5,1
CCI15,Dog,7,M,marker,6,1
CCI15,Dog,7,M,asymmetrical,1,0
CCI15,Dog,7,M,asymmetrical,2,1
CCI15,Dog,7,M,asymmetrical,3,1
CCI15,Dog,7,M,asymmetrical,4,0
CCI15,Dog,7,M,asymmetrical,5,1
CCI15,Dog,7,M,asymmetrical,6,0
CCI15,Dog,7,M,odor,1,1
CCI15,Dog,7,M,odor,2,1
CCI15,Dog,7,M,odor,3,0
CCI15,Dog,7,M,odor,4,0
CCI15,Dog,7,M,odor,5,0
CCI15,Dog,7,M,odor,6,0
CCI17,Dog,7,F,proximal,1,1
CCI17,Dog,7,F,proximal,2,0
CCI17,Dog,7,F,proximal,3,1
CCI17,Dog,7,F,proximal,4,1
CCI17,Dog,7,F,proximal,5,1
CCI17,Dog,7,F,proximal,6,1
CCI17,Dog,7,F,marker,1,1
CCI17,Dog,7,F,marker,2,1
CCI17,Dog,7,F,marker,3,0
CCI17,Dog,7,F,marker,4,1
CCI17,Dog,7,F,marker,5,1
CCI17,Dog,7,F,marker,6,0
CCI17,Dog,7,F,asymmetrical,1,1
CCI17,Dog,7,F,asymmetrical,2,1
CCI17,Dog,7,F,asymmetrical,3,1
CCI17,Dog,7,F,asymmetrical,4,1
CCI17,Dog,7,F,asymmetrical,5,1
CCI17,Dog,7,F,asymmetrical,6,1
CCI17,Dog,7,F,odor,1,1
CCI17,Dog,7,F,odor,2,1
CCI17,Dog,7,F,odor,3,1
CCI17,Dog,7,F,odor,4,1
CCI17,Dog,7,F,odor,5,1
CCI17,Dog,7,F,odor,6,1
CCI19,Dog,8,M,proximal,1,1
CCI19,Dog,8,M,proximal,2,1
CCI19,Dog,8,M,proximal,3,1
CCI19,Dog,8,M,proximal,4,1
CCI19,Dog,8,M,proximal,5,1
CCI19,Dog,8,M,proximal,6,1
CCI19,Dog,8,M,marker,1,1
CCI19,Dog,8,M,marker,2,1
CCI19,Dog,8,M,marker,3,0
CCI19,Dog,8,M,marker,4,1
CCI19,Dog,8,M,marker,5,1
CCI19,Dog,8,M,marker,6,1
CCI19,Dog,8,M,asymmetrical,1,0
CCI19,Dog,8,M,asymmetrical,2,0
CCI19,Dog,8,M,asymmetrical,3,0
CCI19,Dog,8,M,asymmetrical,4,0
CCI19,Dog,8,M,asymmetrical,5,0
CCI19,Dog,8,M,asymmetrical,6,0
CCI19,Dog,8,M,odor,1,0
CCI19,Dog,8,M,odor,2,0
CCI19,Dog,8,M,odor,3,0
CCI19,Dog,8,M,odor,4,0
CCI19,Dog,8,M,odor,5,0
CCI19,Dog,8,M,odor,6,1
CCI20,Dog,8,F,proximal,1,0
CCI20,Dog,8,F,proximal,2,0
CCI20,Dog,8,F,proximal,3,1
CCI20,Dog,8,F,proximal,4,0
CCI20,Dog,8,F,proximal,5,0
CCI20,Dog,8,F,proximal,6,0
CCI20,Dog,8,F,marker,1,1
CCI20,Dog,8,F,marker,2,1
CCI20,Dog,8,F,marker,3,1
CCI20,Dog,8,F,marker,4,1
CCI20,Dog,8,F,marker,5,1
CCI20,Dog,8,F,marker,6,1
CCI20,Dog,8,F,asymmetrical,1,1
CCI20,Dog,8,F,asymmetrical,2,0
CCI20,Dog,8,F,asymmetrical,3,0
CCI20,Dog,8,F,asymmetrical,4,0
CCI20,Dog,8,F,asymmetrical,5,0
CCI20,Dog,8,F,asymmetrical,6,0
CCI20,Dog,8,F,odor,1,1
CCI20,Dog,8,F,odor,2,1
CCI20,Dog,8,F,odor,3,1
CCI20,Dog,8,F,odor,4,0
CCI20,Dog,8,F,odor,5,1
CCI20,Dog,8,F,odor,6,0
CCI24,Dog,8,M,proximal,1,1
CCI24,Dog,8,M,proximal,2,1
CCI24,Dog,8,M,proximal,3,0
CCI24,Dog,8,M,proximal,4,1
CCI24,Dog,8,M,proximal,5,1
CCI24,Dog,8,M,proximal,6,0
CCI24,Dog,8,M,marker,1,1
CCI24,Dog,8,M,marker,2,1
CCI24,Dog,8,M,marker,3,1
CCI24,Dog,8,M,marker,4,1
CCI24,Dog,8,M,marker,5,1
CCI24,Dog,8,M,marker,6,1
CCI24,Dog,8,M,asymmetrical,1,0
CCI24,Dog,8,M,asymmetrical,2,0
CCI24,Dog,8,M,asymmetrical,3,0
CCI24,Dog,8,M,asymmetrical,4,1
CCI24,Dog,8,M,asymmetrical,5,0
CCI24,Dog,8,M,asymmetrical,6,0
CCI24,Dog,8,M,odor,1,0
CCI24,Dog,8,M,odor,2,0
CCI24,Dog,8,M,odor,3,1
CCI24,Dog,8,M,odor,4,1
CCI24,Dog,8,M,odor,5,0
CCI24,Dog,8,M,odor,6,1
CCI25,Dog,8,M,proximal,1,1
CCI25,Dog,8,M,proximal,2,0
CCI25,Dog,8,M,proximal,3,0
CCI25,Dog,8,M,proximal,4,1
CCI25,Dog,8,M,proximal,5,1
CCI25,Dog,8,M,proximal,6,1
CCI25,Dog,8,M,marker,1,1
CCI25,Dog,8,M,marker,2,1
CCI25,Dog,8,M,marker,3,1
CCI25,Dog,8,M,marker,4,1
CCI25,Dog,8,M,marker,5,1
CCI25,Dog,8,M,marker,6,1
CCI25,Dog,8,M,asymmetrical,1,1
CCI25,Dog,8,M,asymmetrical,2,0
CCI25,Dog,8,M,asymmetrical,3,0
CCI25,Dog,8,M,asymmetrical,4,1
CCI25,Dog,8,M,asymmetrical,5,1
CCI25,Dog,8,M,asymmetrical,6,0
CCI25,Dog,8,M,odor,1,1
CCI25,Dog,8,M,odor,2,0
CCI25,Dog,8,M,odor,3,1
CCI25,Dog,8,M,odor,4,0
CCI25,Dog,8,M,odor,5,1
CCI25,Dog,8,M,odor,6,0
CCI26,Dog,8,M,proximal,1,1
CCI26,Dog,8,M,proximal,2,1
CCI26,Dog,8,M,proximal,3,0
CCI26,Dog,8,M,proximal,4,0
CCI26,Dog,8,M,proximal,5,1
CCI26,Dog,8,M,proximal,6,1
CCI26,Dog,8,M,marker,1,1
CCI26,Dog,8,M,marker,2,1
CCI26,Dog,8,M,marker,3,1
CCI26,Dog,8,M,marker,4,1
CCI26,Dog,8,M,marker,5,1
CCI26,Dog,8,M,marker,6,1
CCI26,Dog,8,M,asymmetrical,1,0
CCI26,Dog,8,M,asymmetrical,2,0
CCI26,Dog,8,M,asymmetrical,3,0
CCI26,Dog,8,M,asymmetrical,4,0
CCI26,Dog,8,M,asymmetrical,5,0
CCI26,Dog,8,M,asymmetrical,6,1
CCI26,Dog,8,M,odor,1,1
CCI26,Dog,8,M,odor,2,1
CCI26,Dog,8,M,odor,3,1
CCI26,Dog,8,M,odor,4,0
CCI26,Dog,8,M,odor,5,0
CCI26,Dog,8,M,odor,6,1
CCI27,Dog,8,M,proximal,1,1
CCI27,Dog,8,M,proximal,2,1
CCI27,Dog,8,M,proximal,3,1
CCI27,Dog,8,M,proximal,4,1
CCI27,Dog,8,M,proximal,5,1
CCI27,Dog,8,M,proximal,6,1
CCI27,Dog,8,M,marker,1,1
CCI27,Dog,8,M,marker,2,1
CCI27,Dog,8,M,marker,3,1
CCI27,Dog,8,M,marker,4,1
CCI27,Dog,8,M,marker,5,1
CCI27,Dog,8,M,marker,6,1
CCI27,Dog,8,M,asymmetrical,1,0
CCI27,Dog,8,M,asymmetrical,2,1
CCI27,Dog,8,M,asymmetrical,3,1
CCI27,Dog,8,M,asymmetrical,4,0
CCI27,Dog,8,M,asymmetrical,5,1
CCI27,Dog,8,M,asymmetrical,6,0
CCI27,Dog,8,M,odor,1,1
CCI27,Dog,8,M,odor,2,1
CCI27,Dog,8,M,odor,3,1
CCI27,Dog,8,M,odor,4,1
CCI27,Dog,8,M,odor,5,0
CCI27,Dog,8,M,odor,6,0
CCI29,Dog,8,F,proximal,1,1
CCI29,Dog,8,F,proximal,2,1
CCI29,Dog,8,F,proximal,3,1
CCI29,Dog,8,F,proximal,4,1
CCI29,Dog,8,F,proximal,5,1
CCI29,Dog,8,F,proximal,6,1
CCI29,Dog,8,F,marker,1,1
CCI29,Dog,8,F,marker,2,1
CCI29,Dog,8,F,marker,3,1
CCI29,Dog,8,F,marker,4,0
CCI29,Dog,8,F,marker,5,1
CCI29,Dog,8,F,marker,6,1
CCI29,Dog,8,F,asymmetrical,1,0
CCI29,Dog,8,F,asymmetrical,2,0
CCI29,Dog,8,F,asymmetrical,3,0
CCI29,Dog,8,F,asymmetrical,4,0
CCI29,Dog,8,F,asymmetrical,5,0
CCI29,Dog,8,F,asymmetrical,6,0
CCI29,Dog,8,F,odor,1,1
CCI29,Dog,8,F,odor,2,1
CCI29,Dog,8,F,odor,3,0
CCI29,Dog,8,F,odor,4,0
CCI29,Dog,8,F,odor,5,0
CCI29,Dog,8,F,odor,6,1
CCI32,Dog,8,M,proximal,1,1
CCI32,Dog,8,M,proximal,2,1
CCI32,Dog,8,M,proximal,3,0
CCI32,Dog,8,M,proximal,4,1
CCI32,Dog,8,M,proximal,5,1
CCI32,Dog,8,M,proximal,6,1
CCI32,Dog,8,M,marker,1,1
CCI32,Dog,8,M,marker,2,0
CCI32,Dog,8,M,marker,3,1
CCI32,Dog,8,M,marker,4,1
CCI32,Dog,8,M,marker,5,1
CCI32,Dog,8,M,marker,6,1
CCI32,Dog,8,M,asymmetrical,1,0
CCI32,Dog,8,M,asymmetrical,2,0
CCI32,Dog,8,M,asymmetrical,3,0
CCI32,Dog,8,M,asymmetrical,4,0
CCI32,Dog,8,M,asymmetrical,5,0
CCI32,Dog,8,M,asymmetrical,6,0
CCI32,Dog,8,M,odor,1,1
CCI32,Dog,8,M,odor,2,0
CCI32,Dog,8,M,odor,3,1
CCI32,Dog,8,M,odor,4,1
CCI32,Dog,8,M,odor,5,0
CCI32,Dog,8,M,odor,6,0
