Name,Species,Weeks,Type,Condition,Trial,Touch
Arya,Wolf,13,T1,SF,1,0
Arya,Wolf,13,T1,SF,2,0
Arya,Wolf,13,T1,SF,3,0
Arya,Wolf,13,T1,SF,4,0
Arya,Wolf,13,T1,SU,5,0
Arya,Wolf,13,T1,SU,6,0
Arya,Wolf,13,T1,SU,7,0
Arya,Wolf,13,T1,SU,8,1
Arya,Wolf,13,T1,NSF,9,1
Arya,Wolf,13,T1,NSF,10,1
Arya,Wolf,13,T1,NSF,11,1
Arya,Wolf,13,T1,NSF,12,1
Arya,Wolf,13,T1,NSU,13,1
Arya,Wolf,13,T1,NSU,14,1
Arya,Wolf,13,T1,NSU,15,1
Arya,Wolf,13,T1,NSU,16,1
LittleMan,Wolf,13,T1,NSU,1,1
LittleMan,Wolf,13,T1,NSU,2,1
LittleMan,Wolf,13,T1,NSU,3,1
LittleMan,Wolf,13,T1,NSU,4,1
LittleMan,Wolf,13,T1,NSF,5,1
LittleMan,Wolf,13,T1,NSF,6,0
LittleMan,Wolf,13,T1,NSF,7,0
LittleMan,Wolf,13,T1,NSF,8,0
LittleMan,Wolf,13,T1,SU,9,1
LittleMan,Wolf,13,T1,SU,10,0
LittleMan,Wolf,13,T1,SU,11,0
LittleMan,Wolf,13,T1,SU,12,0
LittleMan,Wolf,13,T1,SF,13,1
LittleMan,Wolf,13,T1,SF,14,0
LittleMan,Wolf,13,T1,SF,15,1
LittleMan,Wolf,13,T1,SF,16,0
Shakira,Wolf,13,T1,NSF,1,1
Shakira,Wolf,13,T1,NSF,2,1
Shakira,Wolf,13,T1,NSF,3,1
Shakira,Wolf,13,T1,NSF,4,1
Shakira,Wolf,13,T1,NSU,5,1
Shakira,Wolf,13,T1,NSU,6,0
Shakira,Wolf,13,T1,NSU,7,0
Shakira,Wolf,13,T1,NSU,8,0
Shakira,Wolf,13,T1,SF,9,0
Shakira,Wolf,13,T1,SF,10,0
Shakira,Wolf,13,T1,SF,11,0
Shakira,Wolf,13,T1,SF,12,0
Shakira,Wolf,13,T1,SU,13,0
Shakira,Wolf,13,T1,SU,14,0
Shakira,Wolf,13,T1,SU,15,0
Shakira,Wolf,13,T1,SU,16,0
HoneyPockets,Wolf,13,T1,SU,1,0
HoneyPockets,Wolf,13,T1,SU,2,0
HoneyPockets,Wolf,13,T1,SU,3,0
HoneyPockets,Wolf,13,T1,SU,4,0
HoneyPockets,Wolf,13,T1,SF,5,0
HoneyPockets,Wolf,13,T1,SF,6,0
HoneyPockets,Wolf,13,T1,SF,7,0
HoneyPockets,Wolf,13,T1,SF,8,0
HoneyPockets,Wolf,13,T1,NSU,9,1
HoneyPockets,Wolf,13,T1,NSU,10,1
HoneyPockets,Wolf,13,T1,NSU,11,1
HoneyPockets,Wolf,13,T1,NSU,12,1
HoneyPockets,Wolf,13,T1,NSF,13,0
HoneyPockets,Wolf,13,T1,NSF,14,0
HoneyPockets,Wolf,13,T1,NSF,15,1
HoneyPockets,Wolf,13,T1,NSF,16,1
Bran,Wolf,7,T1,SU,1,1
Bran,Wolf,7,T1,SU,2,1
Bran,Wolf,7,T1,SU,3,0
Bran,Wolf,7,T1,SU,4,0
Bran,Wolf,7,T1,SF,5,1
Bran,Wolf,7,T1,SF,6,1
Bran,Wolf,7,T1,SF,7,1
Bran,Wolf,7,T1,SF,8,0
Bran,Wolf,7,T1,NSU,9,0
Bran,Wolf,7,T1,NSU,10,1
Bran,Wolf,7,T1,NSU,11,1
Bran,Wolf,7,T1,NSU,12,1
Bran,Wolf,7,T1,NSF,13,1
Bran,Wolf,7,T1,NSF,14,1
Bran,Wolf,7,T1,NSF,15,0
Bran,Wolf,7,T1,NSF,16,0
Sam,Wolf,7,T1,NSF,1,1
Sam,Wolf,7,T1,NSF,2,1
Sam,Wolf,7,T1,NSF,3,0
Sam,Wolf,7,T1,NSF,4,1
Sam,Wolf,7,T1,NSU,5,1
Sam,Wolf,7,T1,NSU,6,1
Sam,Wolf,7,T1,NSU,7,1
Sam,Wolf,7,T1,NSU,8,0
Sam,Wolf,7,T1,SF,9,1
Sam,Wolf,7,T1,SF,10,1
Sam,Wolf,7,T1,SF,11,1
Sam,Wolf,7,T1,SF,12,1
Sam,Wolf,7,T1,SU,13,0
Sam,Wolf,7,T1,SU,14,0
Sam,Wolf,7,T1,SU,15,0
Sam,Wolf,7,T1,SU,16,0
Maggie,Wolf,13,T1,SF,1,0
Maggie,Wolf,13,T1,SF,2,0
Maggie,Wolf,13,T1,SF,3,0
Maggie,Wolf,13,T1,SF,4,1
Maggie,Wolf,13,T1,SU,5,0
Maggie,Wolf,13,T1,SU,6,0
Maggie,Wolf,13,T1,SU,7,0
Maggie,Wolf,13,T1,SU,8,0
Maggie,Wolf,13,T1,NSF,9,1
Maggie,Wolf,13,T1,NSF,10,1
Maggie,Wolf,13,T1,NSF,11,1
Maggie,Wolf,13,T1,NSF,12,1
Maggie,Wolf,13,T1,NSU,13,1
Maggie,Wolf,13,T1,NSU,14,1
Maggie,Wolf,13,T1,NSU,15,1
Maggie,Wolf,13,T1,NSU,16,1
Graham,Wolf,13,T1,NSF,1,0
Graham,Wolf,13,T1,NSF,2,0
Graham,Wolf,13,T1,NSF,3,0
Graham,Wolf,13,T1,NSF,4,0
Graham,Wolf,13,T1,NSU,5,1
Graham,Wolf,13,T1,NSU,6,0
Graham,Wolf,13,T1,NSU,7,0
Graham,Wolf,13,T1,NSU,8,0
Graham,Wolf,13,T1,SF,9,0
Graham,Wolf,13,T1,SF,10,1
Graham,Wolf,13,T1,SF,11,0
Graham,Wolf,13,T1,SF,12,0
Graham,Wolf,13,T1,SU,13,0
Graham,Wolf,13,T1,SU,14,0
Graham,Wolf,13,T1,SU,15,0
Graham,Wolf,13,T1,SU,16,0
Adam,Wolf,8,T1,NSU,1,1
Adam,Wolf,8,T1,NSU,2,1
Adam,Wolf,8,T1,NSU,3,1
Adam,Wolf,8,T1,NSU,4,0
Adam,Wolf,8,T1,NSF,5,0
Adam,Wolf,8,T1,NSF,6,1
Adam,Wolf,8,T1,NSF,7,0
Adam,Wolf,8,T1,NSF,8,1
Adam,Wolf,8,T1,SU,9,0
Adam,Wolf,8,T1,SU,10,1
Adam,Wolf,8,T1,SU,11,0
Adam,Wolf,8,T1,SU,12,1
Adam,Wolf,8,T1,SF,13,0
Adam,Wolf,8,T1,SF,14,0
Adam,Wolf,8,T1,SF,15,0
Adam,Wolf,8,T1,SF,16,0
Banner,Wolf,12,T1,NSU,1,1
Banner,Wolf,12,T1,NSU,2,0
Banner,Wolf,12,T1,NSU,3,1
Banner,Wolf,12,T1,NSU,4,1
Banner,Wolf,12,T1,NSF,5,0
Banner,Wolf,12,T1,NSF,6,0
Banner,Wolf,12,T1,NSF,7,0
Banner,Wolf,12,T1,NSF,8,0
Banner,Wolf,12,T1,SU,9,0
Banner,Wolf,12,T1,SU,10,0
Banner,Wolf,12,T1,SU,11,0
Banner,Wolf,12,T1,SU,12,0
Banner,Wolf,12,T1,SF,13,0
Banner,Wolf,12,T1,SF,14,0
Banner,Wolf,12,T1,SF,15,0
Banner,Wolf,12,T1,SF,16,0
Skye,Wolf,12,T1,NSF,1,0
Skye,Wolf,12,T1,NSF,2,0
Skye,Wolf,12,T1,NSF,3,1
Skye,Wolf,12,T1,NSF,4,0
Skye,Wolf,12,T1,NSU,5,1
Skye,Wolf,12,T1,NSU,6,1
Skye,Wolf,12,T1,NSU,7,1
Skye,Wolf,12,T1,NSU,8,0
Skye,Wolf,12,T1,SF,9,0
Skye,Wolf,12,T1,SF,10,0
Skye,Wolf,12,T1,SF,11,0
Skye,Wolf,12,T1,SF,12,0
Skye,Wolf,12,T1,SU,13,0
Skye,Wolf,12,T1,SU,14,0
Skye,Wolf,12,T1,SU,15,0
Skye,Wolf,12,T1,SU,16,0
Scarlet,Wolf,12,T1,SF,1,0
Scarlet,Wolf,12,T1,SF,2,0
Scarlet,Wolf,12,T1,SF,3,1
Scarlet,Wolf,12,T1,SF,4,0
Scarlet,Wolf,12,T1,SU,5,0
Scarlet,Wolf,12,T1,SU,6,0
Scarlet,Wolf,12,T1,SU,7,0
Scarlet,Wolf,12,T1,SU,8,0
Scarlet,Wolf,12,T1,NSF,9,1
Scarlet,Wolf,12,T1,NSF,10,1
Scarlet,Wolf,12,T1,NSF,11,0
Scarlet,Wolf,12,T1,NSF,12,0
Scarlet,Wolf,12,T1,NSU,13,1
Scarlet,Wolf,12,T1,NSU,14,0
Scarlet,Wolf,12,T1,NSU,15,1
Scarlet,Wolf,12,T1,NSU,16,1
Renner,Wolf,12,T1,SU,1,0
Renner,Wolf,12,T1,SU,2,0
Renner,Wolf,12,T1,SU,3,0
Renner,Wolf,12,T1,SU,4,0
Renner,Wolf,12,T1,SF,5,0
Renner,Wolf,12,T1,SF,6,0
Renner,Wolf,12,T1,SF,7,1
Renner,Wolf,12,T1,SF,8,1
Renner,Wolf,12,T1,NSU,9,0
Renner,Wolf,12,T1,NSU,10,0
Renner,Wolf,12,T1,NSU,11,1
Renner,Wolf,12,T1,NSU,12,1
Renner,Wolf,12,T1,NSF,13,1
Renner,Wolf,12,T1,NSF,14,0
Renner,Wolf,12,T1,NSF,15,1
Renner,Wolf,12,T1,NSF,16,0
Alaina,Wolf,11,T1,NSU,1,1
Alaina,Wolf,11,T1,NSU,2,1
Alaina,Wolf,11,T1,NSU,3,1
Alaina,Wolf,11,T1,NSU,4,1
Alaina,Wolf,11,T1,NSF,5,1
Alaina,Wolf,11,T1,NSF,6,1
Alaina,Wolf,11,T1,NSF,7,1
Alaina,Wolf,11,T1,NSF,8,1
Alaina,Wolf,11,T1,SU,9,0
Alaina,Wolf,11,T1,SU,10,0
Alaina,Wolf,11,T1,SU,11,0
Alaina,Wolf,11,T1,SU,12,1
Alaina,Wolf,11,T1,SF,13,0
Alaina,Wolf,11,T1,SF,14,0
Alaina,Wolf,11,T1,SF,15,0
Alaina,Wolf,11,T1,SF,16,1
Clay,Wolf,11,T1,NSF,1,1
Clay,Wolf,11,T1,NSF,2,0
Clay,Wolf,11,T1,NSF,3,1
Clay,Wolf,11,T1,NSF,4,1
Clay,Wolf,11,T1,NSU,5,1
Clay,Wolf,11,T1,NSU,6,1
Clay,Wolf,11,T1,NSU,7,0
Clay,Wolf,11,T1,NSU,8,1
Clay,Wolf,11,T1,SF,9,0
Clay,Wolf,11,T1,SF,10,0
Clay,Wolf,11,T1,SF,11,1
Clay,Wolf,11,T1,SF,12,0
Clay,Wolf,11,T1,SU,13,0
Clay,Wolf,11,T1,SU,14,0
Clay,Wolf,11,T1,SU,15,0
Clay,Wolf,11,T1,SU,16,0
Cherri,Wolf,11,T1,SF,1,0
Cherri,Wolf,11,T1,SF,2,0
Cherri,Wolf,11,T1,SF,3,0
Cherri,Wolf,11,T1,SF,4,0
Cherri,Wolf,11,T1,SU,5,0
Cherri,Wolf,11,T1,SU,6,0
Cherri,Wolf,11,T1,SU,7,0
Cherri,Wolf,11,T1,SU,8,0
Cherri,Wolf,11,T1,NSF,9,1
Cherri,Wolf,11,T1,NSF,10,0
Cherri,Wolf,11,T1,NSF,11,0
Cherri,Wolf,11,T1,NSF,12,0
Cherri,Wolf,11,T1,NSU,13,1
Cherri,Wolf,11,T1,NSU,14,0
Cherri,Wolf,11,T1,NSU,15,0
Cherri,Wolf,11,T1,NSU,16,0
Ezra,Wolf,12,T1,SU,1,0
Ezra,Wolf,12,T1,SU,2,0
Ezra,Wolf,12,T1,SU,3,0
Ezra,Wolf,12,T1,SU,4,0
Ezra,Wolf,12,T1,SF,5,0
Ezra,Wolf,12,T1,SF,6,0
Ezra,Wolf,12,T1,SF,7,0
Ezra,Wolf,12,T1,SF,8,0
Ezra,Wolf,12,T1,NSU,9,1
Ezra,Wolf,12,T1,NSU,10,1
Ezra,Wolf,12,T1,NSU,11,1
Ezra,Wolf,12,T1,NSU,12,1
Ezra,Wolf,12,T1,NSF,13,1
Ezra,Wolf,12,T1,NSF,14,1
Ezra,Wolf,12,T1,NSF,15,1
Ezra,Wolf,12,T1,NSF,16,1
Courtney,Wolf,12,T1,NSU,1,1
Courtney,Wolf,12,T1,NSU,2,1
Courtney,Wolf,12,T1,NSU,3,1
Courtney,Wolf,12,T1,NSU,4,1
Courtney,Wolf,12,T1,NSF,5,0
Courtney,Wolf,12,T1,NSF,6,1
Courtney,Wolf,12,T1,NSF,7,1
Courtney,Wolf,12,T1,NSF,8,1
Courtney,Wolf,12,T1,SU,9,0
Courtney,Wolf,12,T1,SU,10,0
Courtney,Wolf,12,T1,SU,11,0
Courtney,Wolf,12,T1,SU,12,0
Courtney,Wolf,12,T1,SF,13,0
Courtney,Wolf,12,T1,SF,14,0
Courtney,Wolf,12,T1,SF,15,0
Courtney,Wolf,12,T1,SF,16,0
Tiny,Wolf,11,T1,NSF,1,1
Tiny,Wolf,11,T1,NSF,2,1
Tiny,Wolf,11,T1,NSF,3,1
Tiny,Wolf,11,T1,NSF,4,0
Tiny,Wolf,11,T1,NSU,5,0
Tiny,Wolf,11,T1,NSU,6,1
Tiny,Wolf,11,T1,NSU,7,1
Tiny,Wolf,11,T1,NSU,8,0
Tiny,Wolf,11,T1,SF,9,0
Tiny,Wolf,11,T1,SF,10,0
Tiny,Wolf,11,T1,SF,11,0
Tiny,Wolf,11,T1,SF,12,0
Tiny,Wolf,11,T1,SU,13,0
Tiny,Wolf,11,T1,SU,14,1
Tiny,Wolf,11,T1,SU,15,0
Tiny,Wolf,11,T1,SU,16,0
Grey,Wolf,11,T1,NSU,1,1
Grey,Wolf,11,T1,NSU,2,1
Grey,Wolf,11,T1,NSU,3,1
Grey,Wolf,11,T1,NSU,4,1
Grey,Wolf,11,T1,NSF,5,1
Grey,Wolf,11,T1,NSF,6,0
Grey,Wolf,11,T1,NSF,7,1
Grey,Wolf,11,T1,NSF,8,0
Grey,Wolf,11,T1,SU,9,1
Grey,Wolf,11,T1,SU,10,1
Grey,Wolf,11,T1,SU,11,0
Grey,Wolf,11,T1,SU,12,0
Grey,Wolf,11,T1,SF,13,1
Grey,Wolf,11,T1,SF,14,1
Grey,Wolf,11,T1,SF,15,0
Grey,Wolf,11,T1,SF,16,1
Mara,Wolf,8,T1,NSU,1,1
Mara,Wolf,8,T1,NSU,2,1
Mara,Wolf,8,T1,NSU,3,1
Mara,Wolf,8,T1,NSU,4,1
Mara,Wolf,8,T1,NSF,5,1
Mara,Wolf,8,T1,NSF,6,0
Mara,Wolf,8,T1,NSF,7,1
Mara,Wolf,8,T1,NSF,8,1
Mara,Wolf,8,T1,SU,9,0
Mara,Wolf,8,T1,SU,10,0
Mara,Wolf,8,T1,SU,11,0
Mara,Wolf,8,T1,SU,12,1
Mara,Wolf,8,T1,SF,13,0
Mara,Wolf,8,T1,SF,14,1
Mara,Wolf,8,T1,SF,15,1
Mara,Wolf,8,T1,SF,16,0
Dwight,Wolf,8,T1,SF,1,0
Dwight,Wolf,8,T1,SF,2,1
Dwight,Wolf,8,T1,SF,3,0
Dwight,Wolf,8,T1,SF,4,0
Dwight,Wolf,8,T1,SU,5,0
Dwight,Wolf,8,T1,SU,6,0
Dwight,Wolf,8,T1,SU,7,0
Dwight,Wolf,8,T1,SU,8,1
Dwight,Wolf,8,T1,NSF,9,1
Dwight,Wolf,8,T1,NSF,10,0
Dwight,Wolf,8,T1,NSF,11,0
Dwight,Wolf,8,T1,NSF,12,0
Dwight,Wolf,8,T1,NSU,13,1
Dwight,Wolf,8,T1,NSU,14,0
Dwight,Wolf,8,T1,NSU,15,1
Dwight,Wolf,8,T1,NSU,16,0
Garland,Wolf,11,T1,SU,1,0
Garland,Wolf,11,T1,SU,2,0
Garland,Wolf,11,T1,SU,3,0
Garland,Wolf,11,T1,SU,4,0
Garland,Wolf,11,T1,SF,5,1
Garland,Wolf,11,T1,SF,6,1
Garland,Wolf,11,T1,SF,7,1
Garland,Wolf,11,T1,SF,8,1
Garland,Wolf,11,T1,NSU,9,1
Garland,Wolf,11,T1,NSU,10,1
Garland,Wolf,11,T1,NSU,11,1
Garland,Wolf,11,T1,NSU,12,1
Garland,Wolf,11,T1,NSF,13,1
Garland,Wolf,11,T1,NSF,14,0
Garland,Wolf,11,T1,NSF,15,1
Garland,Wolf,11,T1,NSF,16,1
Kameron,Wolf,8,T1,NSF,1,1
Kameron,Wolf,8,T1,NSF,2,1
Kameron,Wolf,8,T1,NSF,3,1
Kameron,Wolf,8,T1,NSF,4,0
Kameron,Wolf,8,T1,NSU,5,1
Kameron,Wolf,8,T1,NSU,6,1
Kameron,Wolf,8,T1,NSU,7,1
Kameron,Wolf,8,T1,NSU,8,1
Kameron,Wolf,8,T1,SF,9,0
Kameron,Wolf,8,T1,SF,10,0
Kameron,Wolf,8,T1,SF,11,1
Kameron,Wolf,8,T1,SF,12,0
Kameron,Wolf,8,T1,SU,13,0
Kameron,Wolf,8,T1,SU,14,1
Kameron,Wolf,8,T1,SU,15,0
Kameron,Wolf,8,T1,SU,16,1
Gavin,Wolf,11,T1,SF,1,0
Gavin,Wolf,11,T1,SF,2,0
Gavin,Wolf,11,T1,SF,3,0
Gavin,Wolf,11,T1,SF,4,0
Gavin,Wolf,11,T1,SU,5,0
Gavin,Wolf,11,T1,SU,6,0
Gavin,Wolf,11,T1,SU,7,0
Gavin,Wolf,11,T1,SU,8,0
Gavin,Wolf,11,T1,NSF,9,0
Gavin,Wolf,11,T1,NSF,10,1
Gavin,Wolf,11,T1,NSF,11,1
Gavin,Wolf,11,T1,NSF,12,0
Gavin,Wolf,11,T1,NSU,13,0
Gavin,Wolf,11,T1,NSU,14,1
Gavin,Wolf,11,T1,NSU,15,1
Gavin,Wolf,11,T1,NSU,16,0
Nathan,Wolf,11,T1,SU,1,0
Nathan,Wolf,11,T1,SU,2,0
Nathan,Wolf,11,T1,SU,3,0
Nathan,Wolf,11,T1,SU,4,0
Nathan,Wolf,11,T1,SF,5,0
Nathan,Wolf,11,T1,SF,6,0
Nathan,Wolf,11,T1,SF,7,0
Nathan,Wolf,11,T1,SF,8,0
Nathan,Wolf,11,T1,NSU,9,1
Nathan,Wolf,11,T1,NSU,10,1
Nathan,Wolf,11,T1,NSU,11,0
Nathan,Wolf,11,T1,NSU,12,0
Nathan,Wolf,11,T1,NSF,13,1
Nathan,Wolf,11,T1,NSF,14,1
Nathan,Wolf,11,T1,NSF,15,1
Nathan,Wolf,11,T1,NSF,16,1
Jordan,Wolf,12,T1,NSF,1,1
Jordan,Wolf,12,T1,NSF,2,1
Jordan,Wolf,12,T1,NSF,3,1
Jordan,Wolf,12,T1,NSF,4,1
Jordan,Wolf,12,T1,NSU,5,1
Jordan,Wolf,12,T1,NSU,6,1
Jordan,Wolf,12,T1,NSU,7,1
Jordan,Wolf,12,T1,NSU,8,1
Jordan,Wolf,12,T1,SF,9,0
Jordan,Wolf,12,T1,SF,10,0
Jordan,Wolf,12,T1,SF,11,0
Jordan,Wolf,12,T1,SF,12,0
Jordan,Wolf,12,T1,SU,13,0
Jordan,Wolf,12,T1,SU,14,0
Jordan,Wolf,12,T1,SU,15,0
Jordan,Wolf,12,T1,SU,16,0
Lexi,Wolf,12,T1,NSU,1,1
Lexi,Wolf,12,T1,NSU,2,1
Lexi,Wolf,12,T1,NSU,3,1
Lexi,Wolf,12,T1,NSU,4,0
Lexi,Wolf,12,T1,NSF,5,0
Lexi,Wolf,12,T1,NSF,6,0
Lexi,Wolf,12,T1,NSF,7,0
Lexi,Wolf,12,T1,NSF,8,0
Lexi,Wolf,12,T1,SU,9,0
Lexi,Wolf,12,T1,SU,10,0
Lexi,Wolf,12,T1,SU,11,0
Lexi,Wolf,12,T1,SU,12,0
Lexi,Wolf,12,T1,SF,13,0
Lexi,Wolf,12,T1,SF,14,0
Lexi,Wolf,12,T1,SF,15,0
Lexi,Wolf,12,T1,SF,16,0
Freya,Wolf,12,T1,NSF,1,1
Freya,Wolf,12,T1,NSF,2,1
Freya,Wolf,12,T1,NSF,3,0
Freya,Wolf,12,T1,NSF,4,0
Freya,Wolf,12,T1,NSU,5,1
Freya,Wolf,12,T1,NSU,6,1
Freya,Wolf,12,T1,NSU,7,1
Freya,Wolf,12,T1,NSU,8,1
Freya,Wolf,12,T1,SF,9,0
Freya,Wolf,12,T1,SF,10,0
Freya,Wolf,12,T1,SF,11,0
Freya,Wolf,12,T1,SF,12,NA
Freya,Wolf,12,T1,SU,13,NA
Freya,Wolf,12,T1,SU,14,NA
Freya,Wolf,12,T1,SU,15,NA
Freya,Wolf,12,T1,SU,16,NA
Gallo,Wolf,10,T1,NSU,1,1
Gallo,Wolf,10,T1,NSU,2,0
Gallo,Wolf,10,T1,NSU,3,1
Gallo,Wolf,10,T1,NSU,4,1
Gallo,Wolf,10,T1,NSF,5,1
Gallo,Wolf,10,T1,NSF,6,1
Gallo,Wolf,10,T1,NSF,7,0
Gallo,Wolf,10,T1,NSF,8,1
Gallo,Wolf,10,T1,SU,9,0
Gallo,Wolf,10,T1,SU,10,NA
Gallo,Wolf,10,T1,SU,11,NA
Gallo,Wolf,10,T1,SU,12,NA
Gallo,Wolf,10,T1,SF,13,0
Gallo,Wolf,10,T1,SF,14,0
Gallo,Wolf,10,T1,SF,15,0
Gallo,Wolf,10,T1,SF,16,0
Dwayne,Wolf,11,T1,NSU,1,1
Dwayne,Wolf,11,T1,NSU,2,0
Dwayne,Wolf,11,T1,NSU,3,1
Dwayne,Wolf,11,T1,NSU,4,1
Dwayne,Wolf,11,T1,NSF,5,1
Dwayne,Wolf,11,T1,NSF,6,0
Dwayne,Wolf,11,T1,NSF,7,0
Dwayne,Wolf,11,T1,NSF,8,1
Dwayne,Wolf,11,T1,SU,9,0
Dwayne,Wolf,11,T1,SU,10,0
Dwayne,Wolf,11,T1,SU,11,NA
Dwayne,Wolf,11,T1,SU,12,NA
Dwayne,Wolf,11,T1,SF,13,1
Dwayne,Wolf,11,T1,SF,14,1
Dwayne,Wolf,11,T1,SF,15,0
Dwayne,Wolf,11,T1,SF,16,1
Artemis,Wolf,12,T1,SF,1,1
Artemis,Wolf,12,T1,SF,2,1
Artemis,Wolf,12,T1,SF,3,1
Artemis,Wolf,12,T1,SF,4,1
Artemis,Wolf,12,T1,SU,5,0
Artemis,Wolf,12,T1,SU,6,NA
Artemis,Wolf,12,T1,SU,7,NA
Artemis,Wolf,12,T1,SU,8,NA
Artemis,Wolf,12,T1,NSF,9,1
Artemis,Wolf,12,T1,NSF,10,1
Artemis,Wolf,12,T1,NSF,11,0
Artemis,Wolf,12,T1,NSF,12,0
Artemis,Wolf,12,T1,NSU,13,1
Artemis,Wolf,12,T1,NSU,14,1
Artemis,Wolf,12,T1,NSU,15,1
Artemis,Wolf,12,T1,NSU,16,1
Jane,Wolf,11,T1,NSF,1,0
Jane,Wolf,11,T1,NSF,2,1
Jane,Wolf,11,T1,NSF,3,1
Jane,Wolf,11,T1,NSF,4,1
Jane,Wolf,11,T1,NSU,5,1
Jane,Wolf,11,T1,NSU,6,1
Jane,Wolf,11,T1,NSU,7,1
Jane,Wolf,11,T1,NSU,8,1
Jane,Wolf,11,T1,SF,9,0
Jane,Wolf,11,T1,SF,10,1
Jane,Wolf,11,T1,SF,11,0
Jane,Wolf,11,T1,SF,12,1
Jane,Wolf,11,T1,SU,13,0
Jane,Wolf,11,T1,SU,14,NA
Jane,Wolf,11,T1,SU,15,NA
Jane,Wolf,11,T1,SU,16,NA
Madoni,Wolf,10,T1,SU,1,0
Madoni,Wolf,10,T1,SU,2,0
Madoni,Wolf,10,T1,SU,3,0
Madoni,Wolf,10,T1,SU,4,1
Madoni,Wolf,10,T1,SF,5,0
Madoni,Wolf,10,T1,SF,6,1
Madoni,Wolf,10,T1,SF,7,1
Madoni,Wolf,10,T1,SF,8,0
Madoni,Wolf,10,T1,NSU,9,1
Madoni,Wolf,10,T1,NSU,10,1
Madoni,Wolf,10,T1,NSU,11,1
Madoni,Wolf,10,T1,NSU,12,1
Madoni,Wolf,10,T1,NSF,13,1
Madoni,Wolf,10,T1,NSF,14,0
Madoni,Wolf,10,T1,NSF,15,1
Madoni,Wolf,10,T1,NSF,16,1
Franklin,Dog,13,T1,NSU,1,1
Franklin,Dog,13,T1,NSU,2,1
Franklin,Dog,13,T1,NSU,3,1
Franklin,Dog,13,T1,NSU,4,1
Franklin,Dog,13,T1,NSF,5,1
Franklin,Dog,13,T1,NSF,6,0
Franklin,Dog,13,T1,NSF,7,1
Franklin,Dog,13,T1,NSF,8,0
Franklin,Dog,13,T1,SU,9,1
Franklin,Dog,13,T1,SU,10,1
Franklin,Dog,13,T1,SU,11,1
Franklin,Dog,13,T1,SU,12,1
Franklin,Dog,13,T1,SF,13,1
Franklin,Dog,13,T1,SF,14,1
Franklin,Dog,13,T1,SF,15,1
Franklin,Dog,13,T1,SF,16,1
Booth,Dog,13,T1,NSF,1,1
Booth,Dog,13,T1,NSF,2,1
Booth,Dog,13,T1,NSF,3,1
Booth,Dog,13,T1,NSF,4,0
Booth,Dog,13,T1,NSU,5,1
Booth,Dog,13,T1,NSU,6,1
Booth,Dog,13,T1,NSU,7,1
Booth,Dog,13,T1,NSU,8,1
Booth,Dog,13,T1,SF,9,0
Booth,Dog,13,T1,SF,10,1
Booth,Dog,13,T1,SF,11,1
Booth,Dog,13,T1,SF,12,1
Booth,Dog,13,T1,SU,13,1
Booth,Dog,13,T1,SU,14,1
Booth,Dog,13,T1,SU,15,1
Booth,Dog,13,T1,SU,16,1
Brooks,Dog,12,T1,SU,1,1
Brooks,Dog,12,T1,SU,2,0
Brooks,Dog,12,T1,SU,3,1
Brooks,Dog,12,T1,SU,4,1
Brooks,Dog,12,T1,SF,5,0
Brooks,Dog,12,T1,SF,6,0
Brooks,Dog,12,T1,SF,7,0
Brooks,Dog,12,T1,SF,8,0
Brooks,Dog,12,T1,NSU,9,1
Brooks,Dog,12,T1,NSU,10,1
Brooks,Dog,12,T1,NSU,11,1
Brooks,Dog,12,T1,NSU,12,0
Brooks,Dog,12,T1,NSF,13,1
Brooks,Dog,12,T1,NSF,14,0
Brooks,Dog,12,T1,NSF,15,0
Brooks,Dog,12,T1,NSF,16,0
Hollis,Dog,12,T1,NSU,1,1
Hollis,Dog,12,T1,NSU,2,1
Hollis,Dog,12,T1,NSU,3,1
Hollis,Dog,12,T1,NSU,4,1
Hollis,Dog,12,T1,NSF,5,1
Hollis,Dog,12,T1,NSF,6,1
Hollis,Dog,12,T1,NSF,7,1
Hollis,Dog,12,T1,NSF,8,1
Hollis,Dog,12,T1,SU,9,1
Hollis,Dog,12,T1,SU,10,0
Hollis,Dog,12,T1,SU,11,0
Hollis,Dog,12,T1,SU,12,0
Hollis,Dog,12,T1,SF,13,1
Hollis,Dog,12,T1,SF,14,0
Hollis,Dog,12,T1,SF,15,0
Hollis,Dog,12,T1,SF,16,0
Wade,Dog,12,T1,SF,1,1
Wade,Dog,12,T1,SF,2,1
Wade,Dog,12,T1,SF,3,0
Wade,Dog,12,T1,SF,4,0
Wade,Dog,12,T1,SU,5,1
Wade,Dog,12,T1,SU,6,1
Wade,Dog,12,T1,SU,7,0
Wade,Dog,12,T1,SU,8,0
Wade,Dog,12,T1,NSF,9,1
Wade,Dog,12,T1,NSF,10,1
Wade,Dog,12,T1,NSF,11,1
Wade,Dog,12,T1,NSF,12,1
Wade,Dog,12,T1,NSU,13,1
Wade,Dog,12,T1,NSU,14,1
Wade,Dog,12,T1,NSU,15,0
Wade,Dog,12,T1,NSU,16,1
Hampshire,Dog,11,T1,SF,1,1
Hampshire,Dog,11,T1,SF,2,1
Hampshire,Dog,11,T1,SF,3,0
Hampshire,Dog,11,T1,SF,4,0
Hampshire,Dog,11,T1,SU,5,1
Hampshire,Dog,11,T1,SU,6,1
Hampshire,Dog,11,T1,SU,7,0
Hampshire,Dog,11,T1,SU,8,1
Hampshire,Dog,11,T1,NSF,9,0
Hampshire,Dog,11,T1,NSF,10,0
Hampshire,Dog,11,T1,NSF,11,1
Hampshire,Dog,11,T1,NSF,12,1
Hampshire,Dog,11,T1,NSU,13,1
Hampshire,Dog,11,T1,NSU,14,1
Hampshire,Dog,11,T1,NSU,15,1
Hampshire,Dog,11,T1,NSU,16,1
Penn,Dog,11,T1,SU,1,1
Penn,Dog,11,T1,SU,2,1
Penn,Dog,11,T1,SU,3,0
Penn,Dog,11,T1,SU,4,0
Penn,Dog,11,T1,SF,5,1
Penn,Dog,11,T1,SF,6,0
Penn,Dog,11,T1,SF,7,0
Penn,Dog,11,T1,SF,8,1
Penn,Dog,11,T1,NSU,9,1
Penn,Dog,11,T1,NSU,10,1
Penn,Dog,11,T1,NSU,11,1
Penn,Dog,11,T1,NSU,12,1
Penn,Dog,11,T1,NSF,13,1
Penn,Dog,11,T1,NSF,14,1
Penn,Dog,11,T1,NSF,15,1
Penn,Dog,11,T1,NSF,16,1
Porter,Dog,11,T1,NSF,1,1
Porter,Dog,11,T1,NSF,2,1
Porter,Dog,11,T1,NSF,3,0
Porter,Dog,11,T1,NSF,4,1
Porter,Dog,11,T1,NSU,5,1
Porter,Dog,11,T1,NSU,6,0
Porter,Dog,11,T1,NSU,7,1
Porter,Dog,11,T1,NSU,8,0
Porter,Dog,11,T1,SF,9,1
Porter,Dog,11,T1,SF,10,0
Porter,Dog,11,T1,SF,11,0
Porter,Dog,11,T1,SF,12,0
Porter,Dog,11,T1,SU,13,1
Porter,Dog,11,T1,SU,14,0
Porter,Dog,11,T1,SU,15,0
Porter,Dog,11,T1,SU,16,0
Divot,Dog,13,T1,NSU,1,1
Divot,Dog,13,T1,NSU,2,1
Divot,Dog,13,T1,NSU,3,1
Divot,Dog,13,T1,NSU,4,1
Divot,Dog,13,T1,NSF,5,1
Divot,Dog,13,T1,NSF,6,1
Divot,Dog,13,T1,NSF,7,1
Divot,Dog,13,T1,NSF,8,1
Divot,Dog,13,T1,SU,9,1
Divot,Dog,13,T1,SU,10,1
Divot,Dog,13,T1,SU,11,1
Divot,Dog,13,T1,SU,12,1
Divot,Dog,13,T1,SF,13,0
Divot,Dog,13,T1,SF,14,0
Divot,Dog,13,T1,SF,15,0
Divot,Dog,13,T1,SF,16,0
JGrey,Dog,10,T1,NSF,1,1
JGrey,Dog,10,T1,NSF,2,1
JGrey,Dog,10,T1,NSF,3,1
JGrey,Dog,10,T1,NSF,4,1
JGrey,Dog,10,T1,NSU,5,1
JGrey,Dog,10,T1,NSU,6,1
JGrey,Dog,10,T1,NSU,7,1
JGrey,Dog,10,T1,NSU,8,0
JGrey,Dog,10,T1,SF,9,1
JGrey,Dog,10,T1,SF,10,0
JGrey,Dog,10,T1,SF,11,1
JGrey,Dog,10,T1,SF,12,1
JGrey,Dog,10,T1,SU,13,0
JGrey,Dog,10,T1,SU,14,0
JGrey,Dog,10,T1,SU,15,1
JGrey,Dog,10,T1,SU,16,1
Apollo,Dog,13,T1,NSU,1,1
Apollo,Dog,13,T1,NSU,2,1
Apollo,Dog,13,T1,NSU,3,1
Apollo,Dog,13,T1,NSU,4,1
Apollo,Dog,13,T1,NSF,5,1
Apollo,Dog,13,T1,NSF,6,1
Apollo,Dog,13,T1,NSF,7,0
Apollo,Dog,13,T1,NSF,8,0
Apollo,Dog,13,T1,SU,9,1
Apollo,Dog,13,T1,SU,10,1
Apollo,Dog,13,T1,SU,11,1
Apollo,Dog,13,T1,SU,12,0
Apollo,Dog,13,T1,SF,13,0
Apollo,Dog,13,T1,SF,14,0
Apollo,Dog,13,T1,SF,15,0
Apollo,Dog,13,T1,SF,16,0
Zelda,Dog,13,T1,SU,1,1
Zelda,Dog,13,T1,SU,2,0
Zelda,Dog,13,T1,SU,3,0
Zelda,Dog,13,T1,SU,4,0
Zelda,Dog,13,T1,SF,5,1
Zelda,Dog,13,T1,SF,6,0
Zelda,Dog,13,T1,SF,7,1
Zelda,Dog,13,T1,SF,8,1
Zelda,Dog,13,T1,NSU,9,1
Zelda,Dog,13,T1,NSU,10,1
Zelda,Dog,13,T1,NSU,11,1
Zelda,Dog,13,T1,NSU,12,1
Zelda,Dog,13,T1,NSF,13,1
Zelda,Dog,13,T1,NSF,14,1
Zelda,Dog,13,T1,NSF,15,1
Zelda,Dog,13,T1,NSF,16,1
Orion,Dog,16,T1,SF,1,1
Orion,Dog,16,T1,SF,2,1
Orion,Dog,16,T1,SF,3,1
Orion,Dog,16,T1,SF,4,1
Orion,Dog,16,T1,SU,5,1
Orion,Dog,16,T1,SU,6,1
Orion,Dog,16,T1,SU,7,1
Orion,Dog,16,T1,SU,8,1
Orion,Dog,16,T1,NSF,9,1
Orion,Dog,16,T1,NSF,10,0
Orion,Dog,16,T1,NSF,11,0
Orion,Dog,16,T1,NSF,12,1
Orion,Dog,16,T1,NSU,13,1
Orion,Dog,16,T1,NSU,14,1
Orion,Dog,16,T1,NSU,15,0
Orion,Dog,16,T1,NSU,16,0
CCI02,Dog,15,T1,NSF,1,1
CCI02,Dog,15,T1,NSF,2,1
CCI02,Dog,15,T1,NSF,3,1
CCI02,Dog,15,T1,NSF,4,1
CCI02,Dog,15,T1,NSU,5,1
CCI02,Dog,15,T1,NSU,6,1
CCI02,Dog,15,T1,NSU,7,1
CCI02,Dog,15,T1,NSU,8,1
CCI02,Dog,15,T1,SF,9,1
CCI02,Dog,15,T1,SF,10,1
CCI02,Dog,15,T1,SF,11,0
CCI02,Dog,15,T1,SF,12,1
CCI02,Dog,15,T1,SU,13,1
CCI02,Dog,15,T1,SU,14,1
CCI02,Dog,15,T1,SU,15,1
CCI02,Dog,15,T1,SU,16,1
CCI01,Dog,17,T1,SU,1,1
CCI01,Dog,17,T1,SU,2,1
CCI01,Dog,17,T1,SU,3,0
CCI01,Dog,17,T1,SU,4,1
CCI01,Dog,17,T1,SF,5,1
CCI01,Dog,17,T1,SF,6,0
CCI01,Dog,17,T1,SF,7,0
CCI01,Dog,17,T1,SF,8,0
CCI01,Dog,17,T1,NSU,9,1
CCI01,Dog,17,T1,NSU,10,1
CCI01,Dog,17,T1,NSU,11,0
CCI01,Dog,17,T1,NSU,12,1
CCI01,Dog,17,T1,NSF,13,1
CCI01,Dog,17,T1,NSF,14,0
CCI01,Dog,17,T1,NSF,15,1
CCI01,Dog,17,T1,NSF,16,0
CCI03,Dog,13,T1,SF,1,1
CCI03,Dog,13,T1,SF,2,1
CCI03,Dog,13,T1,SF,3,1
CCI03,Dog,13,T1,SF,4,1
CCI03,Dog,13,T1,SU,5,1
CCI03,Dog,13,T1,SU,6,1
CCI03,Dog,13,T1,SU,7,1
CCI03,Dog,13,T1,SU,8,1
CCI03,Dog,13,T1,NSF,9,1
CCI03,Dog,13,T1,NSF,10,0
CCI03,Dog,13,T1,NSF,11,0
CCI03,Dog,13,T1,NSF,12,0
CCI03,Dog,13,T1,NSU,13,1
CCI03,Dog,13,T1,NSU,14,1
CCI03,Dog,13,T1,NSU,15,1
CCI03,Dog,13,T1,NSU,16,1
CCI04,Dog,13,T1,SU,1,0
CCI04,Dog,13,T1,SU,2,0
CCI04,Dog,13,T1,SU,3,1
CCI04,Dog,13,T1,SU,4,1
CCI04,Dog,13,T1,SF,5,1
CCI04,Dog,13,T1,SF,6,0
CCI04,Dog,13,T1,SF,7,0
CCI04,Dog,13,T1,SF,8,0
CCI04,Dog,13,T1,NSU,9,1
CCI04,Dog,13,T1,NSU,10,1
CCI04,Dog,13,T1,NSU,11,1
CCI04,Dog,13,T1,NSU,12,1
CCI04,Dog,13,T1,NSF,13,1
CCI04,Dog,13,T1,NSF,14,0
CCI04,Dog,13,T1,NSF,15,0
CCI04,Dog,13,T1,NSF,16,0
CCI05,Dog,14,T1,NSF,1,0
CCI05,Dog,14,T1,NSF,2,1
CCI05,Dog,14,T1,NSF,3,1
CCI05,Dog,14,T1,NSF,4,1
CCI05,Dog,14,T1,NSU,5,1
CCI05,Dog,14,T1,NSU,6,1
CCI05,Dog,14,T1,NSU,7,1
CCI05,Dog,14,T1,NSU,8,1
CCI05,Dog,14,T1,SF,9,1
CCI05,Dog,14,T1,SF,10,1
CCI05,Dog,14,T1,SF,11,1
CCI05,Dog,14,T1,SF,12,1
CCI05,Dog,14,T1,SU,13,1
CCI05,Dog,14,T1,SU,14,1
CCI05,Dog,14,T1,SU,15,1
CCI05,Dog,14,T1,SU,16,1
CCI06,Dog,7,T1,SF,1,1
CCI06,Dog,7,T1,SF,2,0
CCI06,Dog,7,T1,SF,3,1
CCI06,Dog,7,T1,SF,4,1
CCI06,Dog,7,T1,SU,5,1
CCI06,Dog,7,T1,SU,6,1
CCI06,Dog,7,T1,SU,7,1
CCI06,Dog,7,T1,SU,8,1
CCI06,Dog,7,T1,NSF,9,0
CCI06,Dog,7,T1,NSF,10,0
CCI06,Dog,7,T1,NSF,11,1
CCI06,Dog,7,T1,NSF,12,0
CCI06,Dog,7,T1,NSU,13,1
CCI06,Dog,7,T1,NSU,14,1
CCI06,Dog,7,T1,NSU,15,1
CCI06,Dog,7,T1,NSU,16,0
CCI07,Dog,7,T1,NSU,1,1
CCI07,Dog,7,T1,NSU,2,0
CCI07,Dog,7,T1,NSU,3,1
CCI07,Dog,7,T1,NSU,4,1
CCI07,Dog,7,T1,NSF,5,0
CCI07,Dog,7,T1,NSF,6,1
CCI07,Dog,7,T1,NSF,7,1
CCI07,Dog,7,T1,NSF,8,0
CCI07,Dog,7,T1,SU,9,0
CCI07,Dog,7,T1,SU,10,1
CCI07,Dog,7,T1,SU,11,1
CCI07,Dog,7,T1,SU,12,0
CCI07,Dog,7,T1,SF,13,0
CCI07,Dog,7,T1,SF,14,0
CCI07,Dog,7,T1,SF,15,0
CCI07,Dog,7,T1,SF,16,1
CCI08,Dog,7,T1,NSF,1,0
CCI08,Dog,7,T1,NSF,2,0
CCI08,Dog,7,T1,NSF,3,1
CCI08,Dog,7,T1,NSF,4,1
CCI08,Dog,7,T1,NSU,5,0
CCI08,Dog,7,T1,NSU,6,0
CCI08,Dog,7,T1,NSU,7,0
CCI08,Dog,7,T1,NSU,8,1
CCI08,Dog,7,T1,SF,9,0
CCI08,Dog,7,T1,SF,10,1
CCI08,Dog,7,T1,SF,11,0
CCI08,Dog,7,T1,SF,12,0
CCI08,Dog,7,T1,SU,13,0
CCI08,Dog,7,T1,SU,14,0
CCI08,Dog,7,T1,SU,15,0
CCI08,Dog,7,T1,SU,16,0
CCI09,Dog,7,T1,NSF,1,0
CCI09,Dog,7,T1,NSF,2,1
CCI09,Dog,7,T1,NSF,3,0
CCI09,Dog,7,T1,NSF,4,0
CCI09,Dog,7,T1,NSU,5,1
CCI09,Dog,7,T1,NSU,6,1
CCI09,Dog,7,T1,NSU,7,1
CCI09,Dog,7,T1,NSU,8,1
CCI09,Dog,7,T1,SF,9,1
CCI09,Dog,7,T1,SF,10,1
CCI09,Dog,7,T1,SF,11,1
CCI09,Dog,7,T1,SF,12,1
CCI09,Dog,7,T1,SU,13,1
CCI09,Dog,7,T1,SU,14,1
CCI09,Dog,7,T1,SU,15,1
CCI09,Dog,7,T1,SU,16,1
CCI10,Dog,7,T1,NSU,1,1
CCI10,Dog,7,T1,NSU,2,1
CCI10,Dog,7,T1,NSU,3,1
CCI10,Dog,7,T1,NSU,4,1
CCI10,Dog,7,T1,NSF,5,1
CCI10,Dog,7,T1,NSF,6,0
CCI10,Dog,7,T1,NSF,7,1
CCI10,Dog,7,T1,NSF,8,NA
CCI10,Dog,7,T1,SU,9,1
CCI10,Dog,7,T1,SU,10,1
CCI10,Dog,7,T1,SU,11,1
CCI10,Dog,7,T1,SU,12,1
CCI10,Dog,7,T1,SF,13,1
CCI10,Dog,7,T1,SF,14,0
CCI10,Dog,7,T1,SF,15,1
CCI10,Dog,7,T1,SF,16,1
CCI11,Dog,7,T1,SF,1,1
CCI11,Dog,7,T1,SF,2,1
CCI11,Dog,7,T1,SF,3,1
CCI11,Dog,7,T1,SF,4,1
CCI11,Dog,7,T1,SU,5,1
CCI11,Dog,7,T1,SU,6,1
CCI11,Dog,7,T1,SU,7,1
CCI11,Dog,7,T1,SU,8,1
CCI11,Dog,7,T1,NSF,9,0
CCI11,Dog,7,T1,NSF,10,1
CCI11,Dog,7,T1,NSF,11,0
CCI11,Dog,7,T1,NSF,12,1
CCI11,Dog,7,T1,NSU,13,1
CCI11,Dog,7,T1,NSU,14,1
CCI11,Dog,7,T1,NSU,15,1
CCI11,Dog,7,T1,NSU,16,1
CCI12,Dog,7,T1,SU,1,1
CCI12,Dog,7,T1,SU,2,1
CCI12,Dog,7,T1,SU,3,1
CCI12,Dog,7,T1,SU,4,1
CCI12,Dog,7,T1,SF,5,1
CCI12,Dog,7,T1,SF,6,0
CCI12,Dog,7,T1,SF,7,1
CCI12,Dog,7,T1,SF,8,1
CCI12,Dog,7,T1,NSU,9,1
CCI12,Dog,7,T1,NSU,10,1
CCI12,Dog,7,T1,NSU,11,1
CCI12,Dog,7,T1,NSU,12,1
CCI12,Dog,7,T1,NSF,13,0
CCI12,Dog,7,T1,NSF,14,0
CCI12,Dog,7,T1,NSF,15,0
CCI12,Dog,7,T1,NSF,16,0
CCI13,Dog,7,T1,NSF,1,1
CCI13,Dog,7,T1,NSF,2,0
CCI13,Dog,7,T1,NSF,3,1
CCI13,Dog,7,T1,NSF,4,0
CCI13,Dog,7,T1,NSU,5,1
CCI13,Dog,7,T1,NSU,6,1
CCI13,Dog,7,T1,NSU,7,1
CCI13,Dog,7,T1,NSU,8,1
CCI13,Dog,7,T1,SF,9,1
CCI13,Dog,7,T1,SF,10,1
CCI13,Dog,7,T1,SF,11,1
CCI13,Dog,7,T1,SF,12,1
CCI13,Dog,7,T1,SU,13,1
CCI13,Dog,7,T1,SU,14,1
CCI13,Dog,7,T1,SU,15,0
CCI13,Dog,7,T1,SU,16,0
CCI14,Dog,7,T1,NSF,1,1
CCI14,Dog,7,T1,NSF,2,1
CCI14,Dog,7,T1,NSF,3,1
CCI14,Dog,7,T1,NSF,4,1
CCI14,Dog,7,T1,NSU,5,0
CCI14,Dog,7,T1,NSU,6,0
CCI14,Dog,7,T1,NSU,7,0
CCI14,Dog,7,T1,NSU,8,0
CCI14,Dog,7,T1,SF,9,1
CCI14,Dog,7,T1,SF,10,0
CCI14,Dog,7,T1,SF,11,1
CCI14,Dog,7,T1,SF,12,0
CCI14,Dog,7,T1,SU,13,0
CCI14,Dog,7,T1,SU,14,1
CCI14,Dog,7,T1,SU,15,0
CCI14,Dog,7,T1,SU,16,1
CCI15,Dog,7,T1,SF,1,1
CCI15,Dog,7,T1,SF,2,1
CCI15,Dog,7,T1,SF,3,1
CCI15,Dog,7,T1,SF,4,1
CCI15,Dog,7,T1,SU,5,0
CCI15,Dog,7,T1,SU,6,0
CCI15,Dog,7,T1,SU,7,1
CCI15,Dog,7,T1,SU,8,1
CCI15,Dog,7,T1,NSF,9,0
CCI15,Dog,7,T1,NSF,10,0
CCI15,Dog,7,T1,NSF,11,0
CCI15,Dog,7,T1,NSF,12,1
CCI15,Dog,7,T1,NSU,13,1
CCI15,Dog,7,T1,NSU,14,1
CCI15,Dog,7,T1,NSU,15,1
CCI15,Dog,7,T1,NSU,16,1
CCI16,Dog,7,T1,SU,1,1
CCI16,Dog,7,T1,SU,2,0
CCI16,Dog,7,T1,SU,3,1
CCI16,Dog,7,T1,SU,4,1
CCI16,Dog,7,T1,SF,5,1
CCI16,Dog,7,T1,SF,6,1
CCI16,Dog,7,T1,SF,7,1
CCI16,Dog,7,T1,SF,8,1
CCI16,Dog,7,T1,NSU,9,1
CCI16,Dog,7,T1,NSU,10,1
CCI16,Dog,7,T1,NSU,11,1
CCI16,Dog,7,T1,NSU,12,1
CCI16,Dog,7,T1,NSF,13,1
CCI16,Dog,7,T1,NSF,14,1
CCI16,Dog,7,T1,NSF,15,1
CCI16,Dog,7,T1,NSF,16,0
CCI17,Dog,7,T1,NSF,1,0
CCI17,Dog,7,T1,NSF,2,0
CCI17,Dog,7,T1,NSF,3,1
CCI17,Dog,7,T1,NSF,4,1
CCI17,Dog,7,T1,NSU,5,1
CCI17,Dog,7,T1,NSU,6,1
CCI17,Dog,7,T1,NSU,7,1
CCI17,Dog,7,T1,NSU,8,1
CCI17,Dog,7,T1,SF,9,1
CCI17,Dog,7,T1,SF,10,0
CCI17,Dog,7,T1,SF,11,1
CCI17,Dog,7,T1,SF,12,1
CCI17,Dog,7,T1,SU,13,0
CCI17,Dog,7,T1,SU,14,0
CCI17,Dog,7,T1,SU,15,1
CCI17,Dog,7,T1,SU,16,1
CCI18,Dog,7,T1,NSU,1,1
CCI18,Dog,7,T1,NSU,2,1
CCI18,Dog,7,T1,NSU,3,1
CCI18,Dog,7,T1,NSU,4,1
CCI18,Dog,7,T1,NSF,5,0
CCI18,Dog,7,T1,NSF,6,1
CCI18,Dog,7,T1,NSF,7,0
CCI18,Dog,7,T1,NSF,8,0
CCI18,Dog,7,T1,SU,9,1
CCI18,Dog,7,T1,SU,10,1
CCI18,Dog,7,T1,SU,11,1
CCI18,Dog,7,T1,SU,12,1
CCI18,Dog,7,T1,SF,13,1
CCI18,Dog,7,T1,SF,14,1
CCI18,Dog,7,T1,SF,15,1
CCI18,Dog,7,T1,SF,16,0
CCI19,Dog,7,T1,NSF,1,1
CCI19,Dog,7,T1,NSF,2,0
CCI19,Dog,7,T1,NSF,3,0
CCI19,Dog,7,T1,NSF,4,NA
CCI19,Dog,7,T1,NSU,5,0
CCI19,Dog,7,T1,NSU,6,1
CCI19,Dog,7,T1,NSU,7,1
CCI19,Dog,7,T1,NSU,8,1
CCI19,Dog,7,T1,SF,9,0
CCI19,Dog,7,T1,SF,10,1
CCI19,Dog,7,T1,SF,11,1
CCI19,Dog,7,T1,SF,12,1
CCI19,Dog,7,T1,SU,13,1
CCI19,Dog,7,T1,SU,14,1
CCI19,Dog,7,T1,SU,15,0
CCI19,Dog,7,T1,SU,16,0
CCI20,Dog,7,T1,SU,1,1
CCI20,Dog,7,T1,SU,2,1
CCI20,Dog,7,T1,SU,3,1
CCI20,Dog,7,T1,SU,4,1
CCI20,Dog,7,T1,SF,5,1
CCI20,Dog,7,T1,SF,6,1
CCI20,Dog,7,T1,SF,7,0
CCI20,Dog,7,T1,SF,8,1
CCI20,Dog,7,T1,NSU,9,1
CCI20,Dog,7,T1,NSU,10,1
CCI20,Dog,7,T1,NSU,11,1
CCI20,Dog,7,T1,NSU,12,1
CCI20,Dog,7,T1,NSF,13,0
CCI20,Dog,7,T1,NSF,14,0
CCI20,Dog,7,T1,NSF,15,0
CCI20,Dog,7,T1,NSF,16,0
CCI21,Dog,7,T1,SF,1,1
CCI21,Dog,7,T1,SF,2,1
CCI21,Dog,7,T1,SF,3,1
CCI21,Dog,7,T1,SF,4,1
CCI21,Dog,7,T1,SU,5,1
CCI21,Dog,7,T1,SU,6,1
CCI21,Dog,7,T1,SU,7,0
CCI21,Dog,7,T1,SU,8,1
CCI21,Dog,7,T1,NSF,9,1
CCI21,Dog,7,T1,NSF,10,1
CCI21,Dog,7,T1,NSF,11,1
CCI21,Dog,7,T1,NSF,12,1
CCI21,Dog,7,T1,NSU,13,1
CCI21,Dog,7,T1,NSU,14,1
CCI21,Dog,7,T1,NSU,15,1
CCI21,Dog,7,T1,NSU,16,1
CCI22,Dog,8,T1,SU,1,1
CCI22,Dog,8,T1,SU,2,1
CCI22,Dog,8,T1,SU,3,1
CCI22,Dog,8,T1,SU,4,1
CCI22,Dog,8,T1,SF,5,0
CCI22,Dog,8,T1,SF,6,1
CCI22,Dog,8,T1,SF,7,1
CCI22,Dog,8,T1,SF,8,1
CCI22,Dog,8,T1,NSU,9,1
CCI22,Dog,8,T1,NSU,10,1
CCI22,Dog,8,T1,NSU,11,1
CCI22,Dog,8,T1,NSU,12,1
CCI22,Dog,8,T1,NSF,13,1
CCI22,Dog,8,T1,NSF,14,0
CCI22,Dog,8,T1,NSF,15,1
CCI22,Dog,8,T1,NSF,16,1
CCI23,Dog,8,T1,SF,1,1
CCI23,Dog,8,T1,SF,2,0
CCI23,Dog,8,T1,SF,3,1
CCI23,Dog,8,T1,SF,4,0
CCI23,Dog,8,T1,SU,5,1
CCI23,Dog,8,T1,SU,6,1
CCI23,Dog,8,T1,SU,7,1
CCI23,Dog,8,T1,SU,8,1
CCI23,Dog,8,T1,NSF,9,0
CCI23,Dog,8,T1,NSF,10,0
CCI23,Dog,8,T1,NSF,11,1
CCI23,Dog,8,T1,NSF,12,1
CCI23,Dog,8,T1,NSU,13,1
CCI23,Dog,8,T1,NSU,14,0
CCI23,Dog,8,T1,NSU,15,1
CCI23,Dog,8,T1,NSU,16,1
CCI24,Dog,8,T1,NSF,1,1
CCI24,Dog,8,T1,NSF,2,1
CCI24,Dog,8,T1,NSF,3,1
CCI24,Dog,8,T1,NSF,4,1
CCI24,Dog,8,T1,NSU,5,1
CCI24,Dog,8,T1,NSU,6,1
CCI24,Dog,8,T1,NSU,7,1
CCI24,Dog,8,T1,NSU,8,1
CCI24,Dog,8,T1,SF,9,1
CCI24,Dog,8,T1,SF,10,1
CCI24,Dog,8,T1,SF,11,1
CCI24,Dog,8,T1,SF,12,1
CCI24,Dog,8,T1,SU,13,1
CCI24,Dog,8,T1,SU,14,1
CCI24,Dog,8,T1,SU,15,1
CCI24,Dog,8,T1,SU,16,0
CCI25,Dog,8,T1,NSU,1,1
CCI25,Dog,8,T1,NSU,2,1
CCI25,Dog,8,T1,NSU,3,1
CCI25,Dog,8,T1,NSU,4,1
CCI25,Dog,8,T1,NSF,5,0
CCI25,Dog,8,T1,NSF,6,1
CCI25,Dog,8,T1,NSF,7,0
CCI25,Dog,8,T1,NSF,8,1
CCI25,Dog,8,T1,SU,9,0
CCI25,Dog,8,T1,SU,10,1
CCI25,Dog,8,T1,SU,11,1
CCI25,Dog,8,T1,SU,12,1
CCI25,Dog,8,T1,SF,13,1
CCI25,Dog,8,T1,SF,14,1
CCI25,Dog,8,T1,SF,15,1
CCI25,Dog,8,T1,SF,16,1
CCI26,Dog,8,T1,NSU,1,0
CCI26,Dog,8,T1,NSU,2,1
CCI26,Dog,8,T1,NSU,3,1
CCI26,Dog,8,T1,NSU,4,1
CCI26,Dog,8,T1,NSF,5,1
CCI26,Dog,8,T1,NSF,6,1
CCI26,Dog,8,T1,NSF,7,1
CCI26,Dog,8,T1,NSF,8,1
CCI26,Dog,8,T1,SU,9,1
CCI26,Dog,8,T1,SU,10,1
CCI26,Dog,8,T1,SU,11,1
CCI26,Dog,8,T1,SU,12,1
CCI26,Dog,8,T1,SF,13,1
CCI26,Dog,8,T1,SF,14,1
CCI26,Dog,8,T1,SF,15,1
CCI26,Dog,8,T1,SF,16,1
CCI27,Dog,8,T1,NSU,1,0
CCI27,Dog,8,T1,NSU,2,1
CCI27,Dog,8,T1,NSU,3,1
CCI27,Dog,8,T1,NSU,4,1
CCI27,Dog,8,T1,NSF,5,1
CCI27,Dog,8,T1,NSF,6,1
CCI27,Dog,8,T1,NSF,7,1
CCI27,Dog,8,T1,NSF,8,1
CCI27,Dog,8,T1,SU,9,1
CCI27,Dog,8,T1,SU,10,1
CCI27,Dog,8,T1,SU,11,0
CCI27,Dog,8,T1,SU,12,1
CCI27,Dog,8,T1,SF,13,0
CCI27,Dog,8,T1,SF,14,1
CCI27,Dog,8,T1,SF,15,1
CCI27,Dog,8,T1,SF,16,1
CCI28,Dog,8,T1,NSF,1,0
CCI28,Dog,8,T1,NSF,2,0
CCI28,Dog,8,T1,NSF,3,0
CCI28,Dog,8,T1,NSF,4,0
CCI28,Dog,8,T1,NSU,5,1
CCI28,Dog,8,T1,NSU,6,1
CCI28,Dog,8,T1,NSU,7,1
CCI28,Dog,8,T1,NSU,8,1
CCI28,Dog,8,T1,SF,9,1
CCI28,Dog,8,T1,SF,10,0
CCI28,Dog,8,T1,SF,11,1
CCI28,Dog,8,T1,SF,12,1
CCI28,Dog,8,T1,SU,13,1
CCI28,Dog,8,T1,SU,14,1
CCI28,Dog,8,T1,SU,15,1
CCI28,Dog,8,T1,SU,16,1
CCI29,Dog,8,T1,SU,1,1
CCI29,Dog,8,T1,SU,2,1
CCI29,Dog,8,T1,SU,3,1
CCI29,Dog,8,T1,SU,4,1
CCI29,Dog,8,T1,SF,5,1
CCI29,Dog,8,T1,SF,6,1
CCI29,Dog,8,T1,SF,7,1
CCI29,Dog,8,T1,SF,8,1
CCI29,Dog,8,T1,NSU,9,0
CCI29,Dog,8,T1,NSU,10,1
CCI29,Dog,8,T1,NSU,11,1
CCI29,Dog,8,T1,NSU,12,1
CCI29,Dog,8,T1,NSF,13,0
CCI29,Dog,8,T1,NSF,14,1
CCI29,Dog,8,T1,NSF,15,1
CCI29,Dog,8,T1,NSF,16,1
CCI30,Dog,8,T1,SF,1,0
CCI30,Dog,8,T1,SF,2,0
CCI30,Dog,8,T1,SF,3,1
CCI30,Dog,8,T1,SF,4,1
CCI30,Dog,8,T1,SU,5,0
CCI30,Dog,8,T1,SU,6,0
CCI30,Dog,8,T1,SU,7,0
CCI30,Dog,8,T1,SU,8,1
CCI30,Dog,8,T1,NSF,9,0
CCI30,Dog,8,T1,NSF,10,0
CCI30,Dog,8,T1,NSF,11,0
CCI30,Dog,8,T1,NSF,12,0
CCI30,Dog,8,T1,NSU,13,1
CCI30,Dog,8,T1,NSU,14,1
CCI30,Dog,8,T1,NSU,15,1
CCI30,Dog,8,T1,NSU,16,1
CCI31,Dog,8,T1,SF,1,1
CCI31,Dog,8,T1,SF,2,1
CCI31,Dog,8,T1,SF,3,1
CCI31,Dog,8,T1,SF,4,1
CCI31,Dog,8,T1,SU,5,1
CCI31,Dog,8,T1,SU,6,0
CCI31,Dog,8,T1,SU,7,1
CCI31,Dog,8,T1,SU,8,1
CCI31,Dog,8,T1,NSF,9,0
CCI31,Dog,8,T1,NSF,10,0
CCI31,Dog,8,T1,NSF,11,1
CCI31,Dog,8,T1,NSF,12,1
CCI31,Dog,8,T1,NSU,13,1
CCI31,Dog,8,T1,NSU,14,0
CCI31,Dog,8,T1,NSU,15,1
CCI31,Dog,8,T1,NSU,16,1
CCI32,Dog,8,T1,SU,1,1
CCI32,Dog,8,T1,SU,2,1
CCI32,Dog,8,T1,SU,3,1
CCI32,Dog,8,T1,SU,4,1
CCI32,Dog,8,T1,SF,5,1
CCI32,Dog,8,T1,SF,6,1
CCI32,Dog,8,T1,SF,7,1
CCI32,Dog,8,T1,SF,8,1
CCI32,Dog,8,T1,NSU,9,1
CCI32,Dog,8,T1,NSU,10,1
CCI32,Dog,8,T1,NSU,11,1
CCI32,Dog,8,T1,NSU,12,1
CCI32,Dog,8,T1,NSF,13,0
CCI32,Dog,8,T1,NSF,14,0
CCI32,Dog,8,T1,NSF,15,1
CCI32,Dog,8,T1,NSF,16,1
Arya,Wolf,13,T2,SF,1,1
Arya,Wolf,13,T2,SF,2,0
Arya,Wolf,13,T2,SF,3,0
Arya,Wolf,13,T2,SF,4,0
Arya,Wolf,13,T2,SU,5,0
Arya,Wolf,13,T2,SU,6,0
Arya,Wolf,13,T2,SU,7,0
Arya,Wolf,13,T2,SU,8,0
Arya,Wolf,13,T2,NSF,9,0
Arya,Wolf,13,T2,NSF,10,0
Arya,Wolf,13,T2,NSF,11,0
Arya,Wolf,13,T2,NSF,12,0
Arya,Wolf,13,T2,NSU,13,1
Arya,Wolf,13,T2,NSU,14,0
Arya,Wolf,13,T2,NSU,15,0
Arya,Wolf,13,T2,NSU,16,0
LittleMan,Wolf,13,T2,NSU,1,0
LittleMan,Wolf,13,T2,NSU,2,1
LittleMan,Wolf,13,T2,NSU,3,0
LittleMan,Wolf,13,T2,NSU,4,0
LittleMan,Wolf,13,T2,NSF,5,0
LittleMan,Wolf,13,T2,NSF,6,1
LittleMan,Wolf,13,T2,NSF,7,0
LittleMan,Wolf,13,T2,NSF,8,1
LittleMan,Wolf,13,T2,SU,9,0
LittleMan,Wolf,13,T2,SU,10,0
LittleMan,Wolf,13,T2,SU,11,0
LittleMan,Wolf,13,T2,SU,12,0
LittleMan,Wolf,13,T2,SF,13,0
LittleMan,Wolf,13,T2,SF,14,1
LittleMan,Wolf,13,T2,SF,15,0
LittleMan,Wolf,13,T2,SF,16,0
Shakira,Wolf,13,T2,NSF,1,0
Shakira,Wolf,13,T2,NSF,2,0
Shakira,Wolf,13,T2,NSF,3,1
Shakira,Wolf,13,T2,NSF,4,0
Shakira,Wolf,13,T2,NSU,5,1
Shakira,Wolf,13,T2,NSU,6,1
Shakira,Wolf,13,T2,NSU,7,1
Shakira,Wolf,13,T2,NSU,8,0
Shakira,Wolf,13,T2,SF,9,0
Shakira,Wolf,13,T2,SF,10,0
Shakira,Wolf,13,T2,SF,11,0
Shakira,Wolf,13,T2,SF,12,1
Shakira,Wolf,13,T2,SU,13,0
Shakira,Wolf,13,T2,SU,14,0
Shakira,Wolf,13,T2,SU,15,0
Shakira,Wolf,13,T2,SU,16,0
HoneyPockets,Wolf,13,T2,SU,1,0
HoneyPockets,Wolf,13,T2,SU,2,0
HoneyPockets,Wolf,13,T2,SU,3,0
HoneyPockets,Wolf,13,T2,SU,4,0
HoneyPockets,Wolf,13,T2,SF,5,1
HoneyPockets,Wolf,13,T2,SF,6,0
HoneyPockets,Wolf,13,T2,SF,7,0
HoneyPockets,Wolf,13,T2,SF,8,0
HoneyPockets,Wolf,13,T2,NSU,9,1
HoneyPockets,Wolf,13,T2,NSU,10,1
HoneyPockets,Wolf,13,T2,NSU,11,0
HoneyPockets,Wolf,13,T2,NSU,12,0
HoneyPockets,Wolf,13,T2,NSF,13,0
HoneyPockets,Wolf,13,T2,NSF,14,1
HoneyPockets,Wolf,13,T2,NSF,15,1
HoneyPockets,Wolf,13,T2,NSF,16,0
Bran,Wolf,7,T2,SU,1,0
Bran,Wolf,7,T2,SU,2,0
Bran,Wolf,7,T2,SU,3,0
Bran,Wolf,7,T2,SU,4,0
Bran,Wolf,7,T2,SF,5,0
Bran,Wolf,7,T2,SF,6,0
Bran,Wolf,7,T2,SF,7,0
Bran,Wolf,7,T2,SF,8,0
Bran,Wolf,7,T2,NSU,9,1
Bran,Wolf,7,T2,NSU,10,1
Bran,Wolf,7,T2,NSU,11,0
Bran,Wolf,7,T2,NSU,12,0
Bran,Wolf,7,T2,NSF,13,0
Bran,Wolf,7,T2,NSF,14,1
Bran,Wolf,7,T2,NSF,15,1
Bran,Wolf,7,T2,NSF,16,0
Sam,Wolf,7,T2,NSU,1,1
Sam,Wolf,7,T2,NSU,2,1
Sam,Wolf,7,T2,NSU,3,1
Sam,Wolf,7,T2,NSU,4,1
Sam,Wolf,7,T2,NSF,5,1
Sam,Wolf,7,T2,NSF,6,1
Sam,Wolf,7,T2,NSF,7,1
Sam,Wolf,7,T2,NSF,8,1
Sam,Wolf,7,T2,SU,9,1
Sam,Wolf,7,T2,SU,10,0
Sam,Wolf,7,T2,SU,11,0
Sam,Wolf,7,T2,SU,12,0
Sam,Wolf,7,T2,SF,13,0
Sam,Wolf,7,T2,SF,14,1
Sam,Wolf,7,T2,SF,15,0
Sam,Wolf,7,T2,SF,16,0
Maggie,Wolf,13,T2,SF,1,1
Maggie,Wolf,13,T2,SF,2,0
Maggie,Wolf,13,T2,SF,3,0
Maggie,Wolf,13,T2,SF,4,0
Maggie,Wolf,13,T2,SU,5,0
Maggie,Wolf,13,T2,SU,6,0
Maggie,Wolf,13,T2,SU,7,0
Maggie,Wolf,13,T2,SU,8,0
Maggie,Wolf,13,T2,NSF,9,0
Maggie,Wolf,13,T2,NSF,10,0
Maggie,Wolf,13,T2,NSF,11,0
Maggie,Wolf,13,T2,NSF,12,0
Maggie,Wolf,13,T2,NSU,13,1
Maggie,Wolf,13,T2,NSU,14,1
Maggie,Wolf,13,T2,NSU,15,1
Maggie,Wolf,13,T2,NSU,16,1
Graham,Wolf,13,T2,NSF,1,0
Graham,Wolf,13,T2,NSF,2,0
Graham,Wolf,13,T2,NSF,3,0
Graham,Wolf,13,T2,NSF,4,0
Graham,Wolf,13,T2,NSU,5,1
Graham,Wolf,13,T2,NSU,6,0
Graham,Wolf,13,T2,NSU,7,0
Graham,Wolf,13,T2,NSU,8,0
Graham,Wolf,13,T2,SF,9,1
Graham,Wolf,13,T2,SF,10,0
Graham,Wolf,13,T2,SF,11,0
Graham,Wolf,13,T2,SF,12,0
Graham,Wolf,13,T2,SU,13,0
Graham,Wolf,13,T2,SU,14,0
Graham,Wolf,13,T2,SU,15,0
Graham,Wolf,13,T2,SU,16,0
Adam,Wolf,7,T2,NSU,1,1
Adam,Wolf,7,T2,NSU,2,0
Adam,Wolf,7,T2,NSU,3,1
Adam,Wolf,7,T2,NSU,4,0
Adam,Wolf,7,T2,NSF,5,0
Adam,Wolf,7,T2,NSF,6,0
Adam,Wolf,7,T2,NSF,7,1
Adam,Wolf,7,T2,NSF,8,1
Adam,Wolf,7,T2,SU,9,0
Adam,Wolf,7,T2,SU,10,0
Adam,Wolf,7,T2,SU,11,0
Adam,Wolf,7,T2,SU,12,0
Adam,Wolf,7,T2,SF,13,0
Adam,Wolf,7,T2,SF,14,0
Adam,Wolf,7,T2,SF,15,1
Adam,Wolf,7,T2,SF,16,0
Banner,Wolf,12,T2,NSU,1,1
Banner,Wolf,12,T2,NSU,2,1
Banner,Wolf,12,T2,NSU,3,1
Banner,Wolf,12,T2,NSU,4,1
Banner,Wolf,12,T2,NSF,5,1
Banner,Wolf,12,T2,NSF,6,1
Banner,Wolf,12,T2,NSF,7,1
Banner,Wolf,12,T2,NSF,8,0
Banner,Wolf,12,T2,SU,9,0
Banner,Wolf,12,T2,SU,10,0
Banner,Wolf,12,T2,SU,11,0
Banner,Wolf,12,T2,SU,12,0
Banner,Wolf,12,T2,SF,13,1
Banner,Wolf,12,T2,SF,14,0
Banner,Wolf,12,T2,SF,15,0
Banner,Wolf,12,T2,SF,16,1
Skye,Wolf,12,T2,NSF,1,0
Skye,Wolf,12,T2,NSF,2,0
Skye,Wolf,12,T2,NSF,3,0
Skye,Wolf,12,T2,NSF,4,1
Skye,Wolf,12,T2,NSU,5,0
Skye,Wolf,12,T2,NSU,6,1
Skye,Wolf,12,T2,NSU,7,1
Skye,Wolf,12,T2,NSU,8,0
Skye,Wolf,12,T2,SF,9,0
Skye,Wolf,12,T2,SF,10,0
Skye,Wolf,12,T2,SF,11,0
Skye,Wolf,12,T2,SF,12,1
Skye,Wolf,12,T2,SU,13,0
Skye,Wolf,12,T2,SU,14,0
Skye,Wolf,12,T2,SU,15,0
Skye,Wolf,12,T2,SU,16,0
Scarlet,Wolf,12,T2,SF,1,0
Scarlet,Wolf,12,T2,SF,2,0
Scarlet,Wolf,12,T2,SF,3,0
Scarlet,Wolf,12,T2,SF,4,0
Scarlet,Wolf,12,T2,SU,5,0
Scarlet,Wolf,12,T2,SU,6,0
Scarlet,Wolf,12,T2,SU,7,0
Scarlet,Wolf,12,T2,SU,8,0
Scarlet,Wolf,12,T2,NSF,9,0
Scarlet,Wolf,12,T2,NSF,10,0
Scarlet,Wolf,12,T2,NSF,11,0
Scarlet,Wolf,12,T2,NSF,12,0
Scarlet,Wolf,12,T2,NSU,13,0
Scarlet,Wolf,12,T2,NSU,14,1
Scarlet,Wolf,12,T2,NSU,15,1
Scarlet,Wolf,12,T2,NSU,16,1
Renner,Wolf,12,T2,SU,1,0
Renner,Wolf,12,T2,SU,2,0
Renner,Wolf,12,T2,SU,3,0
Renner,Wolf,12,T2,SU,4,0
Renner,Wolf,12,T2,SF,5,0
Renner,Wolf,12,T2,SF,6,0
Renner,Wolf,12,T2,SF,7,0
Renner,Wolf,12,T2,SF,8,0
Renner,Wolf,12,T2,NSU,9,0
Renner,Wolf,12,T2,NSU,10,0
Renner,Wolf,12,T2,NSU,11,1
Renner,Wolf,12,T2,NSU,12,0
Renner,Wolf,12,T2,NSF,13,0
Renner,Wolf,12,T2,NSF,14,0
Renner,Wolf,12,T2,NSF,15,0
Renner,Wolf,12,T2,NSF,16,0
Alaina,Wolf,11,T2,NSU,1,1
Alaina,Wolf,11,T2,NSU,2,1
Alaina,Wolf,11,T2,NSU,3,1
Alaina,Wolf,11,T2,NSU,4,1
Alaina,Wolf,11,T2,NSF,5,1
Alaina,Wolf,11,T2,NSF,6,1
Alaina,Wolf,11,T2,NSF,7,1
Alaina,Wolf,11,T2,NSF,8,0
Alaina,Wolf,11,T2,SU,9,0
Alaina,Wolf,11,T2,SU,10,0
Alaina,Wolf,11,T2,SU,11,0
Alaina,Wolf,11,T2,SU,12,0
Alaina,Wolf,11,T2,SF,13,0
Alaina,Wolf,11,T2,SF,14,0
Alaina,Wolf,11,T2,SF,15,1
Alaina,Wolf,11,T2,SF,16,0
Clay,Wolf,11,T2,NSF,1,1
Clay,Wolf,11,T2,NSF,2,0
Clay,Wolf,11,T2,NSF,3,1
Clay,Wolf,11,T2,NSF,4,1
Clay,Wolf,11,T2,NSU,5,1
Clay,Wolf,11,T2,NSU,6,0
Clay,Wolf,11,T2,NSU,7,0
Clay,Wolf,11,T2,NSU,8,1
Clay,Wolf,11,T2,SF,9,0
Clay,Wolf,11,T2,SF,10,0
Clay,Wolf,11,T2,SF,11,1
Clay,Wolf,11,T2,SF,12,0
Clay,Wolf,11,T2,SU,13,0
Clay,Wolf,11,T2,SU,14,0
Clay,Wolf,11,T2,SU,15,0
Clay,Wolf,11,T2,SU,16,0
Cherri,Wolf,11,T2,SF,1,1
Cherri,Wolf,11,T2,SF,2,0
Cherri,Wolf,11,T2,SF,3,0
Cherri,Wolf,11,T2,SF,4,0
Cherri,Wolf,11,T2,SU,5,0
Cherri,Wolf,11,T2,SU,6,0
Cherri,Wolf,11,T2,SU,7,1
Cherri,Wolf,11,T2,SU,8,0
Cherri,Wolf,11,T2,NSF,9,1
Cherri,Wolf,11,T2,NSF,10,1
Cherri,Wolf,11,T2,NSF,11,0
Cherri,Wolf,11,T2,NSF,12,1
Cherri,Wolf,11,T2,NSU,13,1
Cherri,Wolf,11,T2,NSU,14,1
Cherri,Wolf,11,T2,NSU,15,1
Cherri,Wolf,11,T2,NSU,16,1
Ezra,Wolf,11,T2,SU,1,0
Ezra,Wolf,11,T2,SU,2,0
Ezra,Wolf,11,T2,SU,3,0
Ezra,Wolf,11,T2,SU,4,0
Ezra,Wolf,11,T2,SF,5,0
Ezra,Wolf,11,T2,SF,6,0
Ezra,Wolf,11,T2,SF,7,0
Ezra,Wolf,11,T2,SF,8,0
Ezra,Wolf,11,T2,NSU,9,1
Ezra,Wolf,11,T2,NSU,10,0
Ezra,Wolf,11,T2,NSU,11,1
Ezra,Wolf,11,T2,NSU,12,1
Ezra,Wolf,11,T2,NSF,13,1
Ezra,Wolf,11,T2,NSF,14,0
Ezra,Wolf,11,T2,NSF,15,1
Ezra,Wolf,11,T2,NSF,16,0
Courtney,Wolf,11,T2,NSU,1,1
Courtney,Wolf,11,T2,NSU,2,0
Courtney,Wolf,11,T2,NSU,3,1
Courtney,Wolf,11,T2,NSU,4,1
Courtney,Wolf,11,T2,NSF,5,0
Courtney,Wolf,11,T2,NSF,6,1
Courtney,Wolf,11,T2,NSF,7,1
Courtney,Wolf,11,T2,NSF,8,0
Courtney,Wolf,11,T2,SU,9,0
Courtney,Wolf,11,T2,SU,10,0
Courtney,Wolf,11,T2,SU,11,0
Courtney,Wolf,11,T2,SU,12,0
Courtney,Wolf,11,T2,SF,13,0
Courtney,Wolf,11,T2,SF,14,0
Courtney,Wolf,11,T2,SF,15,1
Courtney,Wolf,11,T2,SF,16,1
Tiny,Wolf,10,T2,NSF,1,0
Tiny,Wolf,10,T2,NSF,2,0
Tiny,Wolf,10,T2,NSF,3,0
Tiny,Wolf,10,T2,NSF,4,1
Tiny,Wolf,10,T2,NSU,5,1
Tiny,Wolf,10,T2,NSU,6,1
Tiny,Wolf,10,T2,NSU,7,0
Tiny,Wolf,10,T2,NSU,8,0
Tiny,Wolf,10,T2,SF,9,1
Tiny,Wolf,10,T2,SF,10,1
Tiny,Wolf,10,T2,SF,11,0
Tiny,Wolf,10,T2,SF,12,1
Tiny,Wolf,10,T2,SU,13,0
Tiny,Wolf,10,T2,SU,14,1
Tiny,Wolf,10,T2,SU,15,0
Tiny,Wolf,10,T2,SU,16,1
Grey,Wolf,10,T2,NSU,1,1
Grey,Wolf,10,T2,NSU,2,0
Grey,Wolf,10,T2,NSU,3,1
Grey,Wolf,10,T2,NSU,4,1
Grey,Wolf,10,T2,NSF,5,0
Grey,Wolf,10,T2,NSF,6,0
Grey,Wolf,10,T2,NSF,7,0
Grey,Wolf,10,T2,NSF,8,0
Grey,Wolf,10,T2,SU,9,1
Grey,Wolf,10,T2,SU,10,1
Grey,Wolf,10,T2,SU,11,0
Grey,Wolf,10,T2,SU,12,1
Grey,Wolf,10,T2,SF,13,0
Grey,Wolf,10,T2,SF,14,1
Grey,Wolf,10,T2,SF,15,0
Grey,Wolf,10,T2,SF,16,0
Mara,Wolf,8,T2,NSU,1,0
Mara,Wolf,8,T2,NSU,2,1
Mara,Wolf,8,T2,NSU,3,0
Mara,Wolf,8,T2,NSU,4,1
Mara,Wolf,8,T2,NSF,5,0
Mara,Wolf,8,T2,NSF,6,0
Mara,Wolf,8,T2,NSF,7,1
Mara,Wolf,8,T2,NSF,8,1
Mara,Wolf,8,T2,SU,9,0
Mara,Wolf,8,T2,SU,10,1
Mara,Wolf,8,T2,SU,11,0
Mara,Wolf,8,T2,SU,12,1
Mara,Wolf,8,T2,SF,13,0
Mara,Wolf,8,T2,SF,14,1
Mara,Wolf,8,T2,SF,15,0
Mara,Wolf,8,T2,SF,16,1
Dwight,Wolf,8,T2,SF,1,0
Dwight,Wolf,8,T2,SF,2,0
Dwight,Wolf,8,T2,SF,3,0
Dwight,Wolf,8,T2,SF,4,0
Dwight,Wolf,8,T2,SU,5,0
Dwight,Wolf,8,T2,SU,6,0
Dwight,Wolf,8,T2,SU,7,0
Dwight,Wolf,8,T2,SU,8,0
Dwight,Wolf,8,T2,NSF,9,0
Dwight,Wolf,8,T2,NSF,10,0
Dwight,Wolf,8,T2,NSF,11,0
Dwight,Wolf,8,T2,NSF,12,0
Dwight,Wolf,8,T2,NSU,13,0
Dwight,Wolf,8,T2,NSU,14,0
Dwight,Wolf,8,T2,NSU,15,1
Dwight,Wolf,8,T2,NSU,16,1
Garland,Wolf,11,T2,SU,1,0
Garland,Wolf,11,T2,SU,2,0
Garland,Wolf,11,T2,SU,3,0
Garland,Wolf,11,T2,SU,4,1
Garland,Wolf,11,T2,SF,5,0
Garland,Wolf,11,T2,SF,6,0
Garland,Wolf,11,T2,SF,7,0
Garland,Wolf,11,T2,SF,8,0
Garland,Wolf,11,T2,NSU,9,1
Garland,Wolf,11,T2,NSU,10,1
Garland,Wolf,11,T2,NSU,11,1
Garland,Wolf,11,T2,NSU,12,0
Garland,Wolf,11,T2,NSF,13,1
Garland,Wolf,11,T2,NSF,14,0
Garland,Wolf,11,T2,NSF,15,1
Garland,Wolf,11,T2,NSF,16,0
Kameron,Wolf,8,T2,NSF,1,0
Kameron,Wolf,8,T2,NSF,2,1
Kameron,Wolf,8,T2,NSF,3,0
Kameron,Wolf,8,T2,NSF,4,1
Kameron,Wolf,8,T2,NSU,5,0
Kameron,Wolf,8,T2,NSU,6,0
Kameron,Wolf,8,T2,NSU,7,0
Kameron,Wolf,8,T2,NSU,8,1
Kameron,Wolf,8,T2,SF,9,1
Kameron,Wolf,8,T2,SF,10,1
Kameron,Wolf,8,T2,SF,11,0
Kameron,Wolf,8,T2,SF,12,0
Kameron,Wolf,8,T2,SU,13,0
Kameron,Wolf,8,T2,SU,14,1
Kameron,Wolf,8,T2,SU,15,0
Kameron,Wolf,8,T2,SU,16,1
Gavin,Wolf,11,T2,SF,1,0
Gavin,Wolf,11,T2,SF,2,0
Gavin,Wolf,11,T2,SF,3,0
Gavin,Wolf,11,T2,SF,4,0
Gavin,Wolf,11,T2,SU,5,1
Gavin,Wolf,11,T2,SU,6,0
Gavin,Wolf,11,T2,SU,7,0
Gavin,Wolf,11,T2,SU,8,0
Gavin,Wolf,11,T2,NSF,9,1
Gavin,Wolf,11,T2,NSF,10,0
Gavin,Wolf,11,T2,NSF,11,0
Gavin,Wolf,11,T2,NSF,12,0
Gavin,Wolf,11,T2,NSU,13,1
Gavin,Wolf,11,T2,NSU,14,1
Gavin,Wolf,11,T2,NSU,15,1
Gavin,Wolf,11,T2,NSU,16,0
Nathan,Wolf,11,T2,SU,1,0
Nathan,Wolf,11,T2,SU,2,0
Nathan,Wolf,11,T2,SU,3,0
Nathan,Wolf,11,T2,SU,4,0
Nathan,Wolf,11,T2,SF,5,1
Nathan,Wolf,11,T2,SF,6,1
Nathan,Wolf,11,T2,SF,7,0
Nathan,Wolf,11,T2,SF,8,0
Nathan,Wolf,11,T2,NSU,9,1
Nathan,Wolf,11,T2,NSU,10,1
Nathan,Wolf,11,T2,NSU,11,1
Nathan,Wolf,11,T2,NSU,12,1
Nathan,Wolf,11,T2,NSF,13,0
Nathan,Wolf,11,T2,NSF,14,1
Nathan,Wolf,11,T2,NSF,15,0
Nathan,Wolf,11,T2,NSF,16,1
Jordan,Wolf,12,T2,NSF,1,1
Jordan,Wolf,12,T2,NSF,2,1
Jordan,Wolf,12,T2,NSF,3,1
Jordan,Wolf,12,T2,NSF,4,1
Jordan,Wolf,12,T2,NSU,5,1
Jordan,Wolf,12,T2,NSU,6,1
Jordan,Wolf,12,T2,NSU,7,1
Jordan,Wolf,12,T2,NSU,8,0
Jordan,Wolf,12,T2,SF,9,0
Jordan,Wolf,12,T2,SF,10,1
Jordan,Wolf,12,T2,SF,11,0
Jordan,Wolf,12,T2,SF,12,0
Jordan,Wolf,12,T2,SU,13,0
Jordan,Wolf,12,T2,SU,14,0
Jordan,Wolf,12,T2,SU,15,0
Jordan,Wolf,12,T2,SU,16,0
Lexi,Wolf,12,T2,NSU,1,0
Lexi,Wolf,12,T2,NSU,2,1
Lexi,Wolf,12,T2,NSU,3,0
Lexi,Wolf,12,T2,NSU,4,0
Lexi,Wolf,12,T2,NSF,5,0
Lexi,Wolf,12,T2,NSF,6,0
Lexi,Wolf,12,T2,NSF,7,0
Lexi,Wolf,12,T2,NSF,8,0
Lexi,Wolf,12,T2,SU,9,0
Lexi,Wolf,12,T2,SU,10,0
Lexi,Wolf,12,T2,SU,11,0
Lexi,Wolf,12,T2,SU,12,0
Lexi,Wolf,12,T2,SF,13,0
Lexi,Wolf,12,T2,SF,14,0
Lexi,Wolf,12,T2,SF,15,0
Lexi,Wolf,12,T2,SF,16,0
Franklin,Dog,13,T2,NSU,1,1
Franklin,Dog,13,T2,NSU,2,1
Franklin,Dog,13,T2,NSU,3,1
Franklin,Dog,13,T2,NSU,4,1
Franklin,Dog,13,T2,NSF,5,1
Franklin,Dog,13,T2,NSF,6,1
Franklin,Dog,13,T2,NSF,7,0
Franklin,Dog,13,T2,NSF,8,0
Franklin,Dog,13,T2,SU,9,1
Franklin,Dog,13,T2,SU,10,0
Franklin,Dog,13,T2,SU,11,1
Franklin,Dog,13,T2,SU,12,1
Franklin,Dog,13,T2,SF,13,1
Franklin,Dog,13,T2,SF,14,1
Franklin,Dog,13,T2,SF,15,1
Franklin,Dog,13,T2,SF,16,1
Booth,Dog,13,T2,NSF,1,1
Booth,Dog,13,T2,NSF,2,1
Booth,Dog,13,T2,NSF,3,1
Booth,Dog,13,T2,NSF,4,1
Booth,Dog,13,T2,NSU,5,1
Booth,Dog,13,T2,NSU,6,1
Booth,Dog,13,T2,NSU,7,1
Booth,Dog,13,T2,NSU,8,1
Booth,Dog,13,T2,SF,9,1
Booth,Dog,13,T2,SF,10,1
Booth,Dog,13,T2,SF,11,1
Booth,Dog,13,T2,SF,12,1
Booth,Dog,13,T2,SU,13,0
Booth,Dog,13,T2,SU,14,1
Booth,Dog,13,T2,SU,15,1
Booth,Dog,13,T2,SU,16,1
Brooks,Dog,12,T2,SU,1,1
Brooks,Dog,12,T2,SU,2,0
Brooks,Dog,12,T2,SU,3,1
Brooks,Dog,12,T2,SU,4,0
Brooks,Dog,12,T2,SF,5,0
Brooks,Dog,12,T2,SF,6,0
Brooks,Dog,12,T2,SF,7,0
Brooks,Dog,12,T2,SF,8,0
Brooks,Dog,12,T2,NSU,9,1
Brooks,Dog,12,T2,NSU,10,1
Brooks,Dog,12,T2,NSU,11,0
Brooks,Dog,12,T2,NSU,12,1
Brooks,Dog,12,T2,NSF,13,1
Brooks,Dog,12,T2,NSF,14,1
Brooks,Dog,12,T2,NSF,15,1
Brooks,Dog,12,T2,NSF,16,0
Hollis,Dog,12,T2,NSU,1,1
Hollis,Dog,12,T2,NSU,2,1
Hollis,Dog,12,T2,NSU,3,0
Hollis,Dog,12,T2,NSU,4,0
Hollis,Dog,12,T2,NSF,5,1
Hollis,Dog,12,T2,NSF,6,1
Hollis,Dog,12,T2,NSF,7,1
Hollis,Dog,12,T2,NSF,8,1
Hollis,Dog,12,T2,SU,9,1
Hollis,Dog,12,T2,SU,10,1
Hollis,Dog,12,T2,SU,11,0
Hollis,Dog,12,T2,SU,12,0
Hollis,Dog,12,T2,SF,13,0
Hollis,Dog,12,T2,SF,14,0
Hollis,Dog,12,T2,SF,15,0
Hollis,Dog,12,T2,SF,16,0
Wade,Dog,12,T2,SF,1,0
Wade,Dog,12,T2,SF,2,1
Wade,Dog,12,T2,SF,3,0
Wade,Dog,12,T2,SF,4,0
Wade,Dog,12,T2,SU,5,0
Wade,Dog,12,T2,SU,6,0
Wade,Dog,12,T2,SU,7,0
Wade,Dog,12,T2,SU,8,0
Wade,Dog,12,T2,NSF,9,1
Wade,Dog,12,T2,NSF,10,1
Wade,Dog,12,T2,NSF,11,1
Wade,Dog,12,T2,NSF,12,1
Wade,Dog,12,T2,NSU,13,1
Wade,Dog,12,T2,NSU,14,1
Wade,Dog,12,T2,NSU,15,1
Wade,Dog,12,T2,NSU,16,1
Hampshire,Dog,11,T2,SF,1,0
Hampshire,Dog,11,T2,SF,2,0
Hampshire,Dog,11,T2,SF,3,0
Hampshire,Dog,11,T2,SF,4,0
Hampshire,Dog,11,T2,SU,5,0
Hampshire,Dog,11,T2,SU,6,0
Hampshire,Dog,11,T2,SU,7,1
Hampshire,Dog,11,T2,SU,8,0
Hampshire,Dog,11,T2,NSF,9,0
Hampshire,Dog,11,T2,NSF,10,1
Hampshire,Dog,11,T2,NSF,11,1
Hampshire,Dog,11,T2,NSF,12,0
Hampshire,Dog,11,T2,NSU,13,1
Hampshire,Dog,11,T2,NSU,14,0
Hampshire,Dog,11,T2,NSU,15,0
Hampshire,Dog,11,T2,NSU,16,1
Penn,Dog,11,T2,SU,1,1
Penn,Dog,11,T2,SU,2,1
Penn,Dog,11,T2,SU,3,0
Penn,Dog,11,T2,SU,4,0
Penn,Dog,11,T2,SF,5,0
Penn,Dog,11,T2,SF,6,0
Penn,Dog,11,T2,SF,7,0
Penn,Dog,11,T2,SF,8,0
Penn,Dog,11,T2,NSU,9,1
Penn,Dog,11,T2,NSU,10,1
Penn,Dog,11,T2,NSU,11,1
Penn,Dog,11,T2,NSU,12,1
Penn,Dog,11,T2,NSF,13,1
Penn,Dog,11,T2,NSF,14,1
Penn,Dog,11,T2,NSF,15,1
Penn,Dog,11,T2,NSF,16,0
Porter,Dog,11,T2,NSF,1,1
Porter,Dog,11,T2,NSF,2,1
Porter,Dog,11,T2,NSF,3,1
Porter,Dog,11,T2,NSF,4,1
Porter,Dog,11,T2,NSU,5,1
Porter,Dog,11,T2,NSU,6,1
Porter,Dog,11,T2,NSU,7,1
Porter,Dog,11,T2,NSU,8,0
Porter,Dog,11,T2,SF,9,0
Porter,Dog,11,T2,SF,10,0
Porter,Dog,11,T2,SF,11,0
Porter,Dog,11,T2,SF,12,0
Porter,Dog,11,T2,SU,13,0
Porter,Dog,11,T2,SU,14,0
Porter,Dog,11,T2,SU,15,0
Porter,Dog,11,T2,SU,16,0
Divot,Dog,13,T2,NSU,1,1
Divot,Dog,13,T2,NSU,2,0
Divot,Dog,13,T2,NSU,3,1
Divot,Dog,13,T2,NSU,4,0
Divot,Dog,13,T2,NSF,5,1
Divot,Dog,13,T2,NSF,6,0
Divot,Dog,13,T2,NSF,7,0
Divot,Dog,13,T2,NSF,8,0
Divot,Dog,13,T2,SU,9,1
Divot,Dog,13,T2,SU,10,1
Divot,Dog,13,T2,SU,11,1
Divot,Dog,13,T2,SU,12,1
Divot,Dog,13,T2,SF,13,0
Divot,Dog,13,T2,SF,14,1
Divot,Dog,13,T2,SF,15,0
Divot,Dog,13,T2,SF,16,1
JGrey,Dog,10,T2,NSF,1,1
JGrey,Dog,10,T2,NSF,2,0
JGrey,Dog,10,T2,NSF,3,1
JGrey,Dog,10,T2,NSF,4,1
JGrey,Dog,10,T2,NSU,5,1
JGrey,Dog,10,T2,NSU,6,1
JGrey,Dog,10,T2,NSU,7,1
JGrey,Dog,10,T2,NSU,8,1
JGrey,Dog,10,T2,SF,9,0
JGrey,Dog,10,T2,SF,10,0
JGrey,Dog,10,T2,SF,11,0
JGrey,Dog,10,T2,SF,12,0
JGrey,Dog,10,T2,SU,13,0
JGrey,Dog,10,T2,SU,14,1
JGrey,Dog,10,T2,SU,15,0
JGrey,Dog,10,T2,SU,16,0
Apollo,Dog,13,T2,NSU,1,1
Apollo,Dog,13,T2,NSU,2,1
Apollo,Dog,13,T2,NSU,3,0
Apollo,Dog,13,T2,NSU,4,1
Apollo,Dog,13,T2,NSF,5,1
Apollo,Dog,13,T2,NSF,6,0
Apollo,Dog,13,T2,NSF,7,0
Apollo,Dog,13,T2,NSF,8,0
Apollo,Dog,13,T2,SU,9,1
Apollo,Dog,13,T2,SU,10,0
Apollo,Dog,13,T2,SU,11,1
Apollo,Dog,13,T2,SU,12,1
Apollo,Dog,13,T2,SF,13,1
Apollo,Dog,13,T2,SF,14,0
Apollo,Dog,13,T2,SF,15,0
Apollo,Dog,13,T2,SF,16,0
Zelda,Dog,13,T2,SU,1,1
Zelda,Dog,13,T2,SU,2,0
Zelda,Dog,13,T2,SU,3,0
Zelda,Dog,13,T2,SU,4,0
Zelda,Dog,13,T2,SF,5,1
Zelda,Dog,13,T2,SF,6,1
Zelda,Dog,13,T2,SF,7,1
Zelda,Dog,13,T2,SF,8,1
Zelda,Dog,13,T2,NSU,9,1
Zelda,Dog,13,T2,NSU,10,1
Zelda,Dog,13,T2,NSU,11,1
Zelda,Dog,13,T2,NSU,12,1
Zelda,Dog,13,T2,NSF,13,1
Zelda,Dog,13,T2,NSF,14,1
Zelda,Dog,13,T2,NSF,15,1
Zelda,Dog,13,T2,NSF,16,1
Orion,Dog,16,T2,SF,1,1
Orion,Dog,16,T2,SF,2,1
Orion,Dog,16,T2,SF,3,1
Orion,Dog,16,T2,SF,4,1
Orion,Dog,16,T2,SU,5,1
Orion,Dog,16,T2,SU,6,0
Orion,Dog,16,T2,SU,7,1
Orion,Dog,16,T2,SU,8,1
Orion,Dog,16,T2,NSF,9,1
Orion,Dog,16,T2,NSF,10,1
Orion,Dog,16,T2,NSF,11,1
Orion,Dog,16,T2,NSF,12,0
Orion,Dog,16,T2,NSU,13,1
Orion,Dog,16,T2,NSU,14,0
Orion,Dog,16,T2,NSU,15,0
Orion,Dog,16,T2,NSU,16,1
CCI02,Dog,15,T2,NSF,1,1
CCI02,Dog,15,T2,NSF,2,0
CCI02,Dog,15,T2,NSF,3,0
CCI02,Dog,15,T2,NSF,4,0
CCI02,Dog,15,T2,NSU,5,1
CCI02,Dog,15,T2,NSU,6,1
CCI02,Dog,15,T2,NSU,7,0
CCI02,Dog,15,T2,NSU,8,1
CCI02,Dog,15,T2,SF,9,1
CCI02,Dog,15,T2,SF,10,0
CCI02,Dog,15,T2,SF,11,0
CCI02,Dog,15,T2,SF,12,0
CCI02,Dog,15,T2,SU,13,1
CCI02,Dog,15,T2,SU,14,1
CCI02,Dog,15,T2,SU,15,1
CCI02,Dog,15,T2,SU,16,0
CCI01,Dog,17,T2,SU,1,1
CCI01,Dog,17,T2,SU,2,1
CCI01,Dog,17,T2,SU,3,1
CCI01,Dog,17,T2,SU,4,1
CCI01,Dog,17,T2,SF,5,0
CCI01,Dog,17,T2,SF,6,0
CCI01,Dog,17,T2,SF,7,0
CCI01,Dog,17,T2,SF,8,0
CCI01,Dog,17,T2,NSU,9,1
CCI01,Dog,17,T2,NSU,10,1
CCI01,Dog,17,T2,NSU,11,0
CCI01,Dog,17,T2,NSU,12,0
CCI01,Dog,17,T2,NSF,13,0
CCI01,Dog,17,T2,NSF,14,0
CCI01,Dog,17,T2,NSF,15,0
CCI01,Dog,17,T2,NSF,16,0
CCI03,Dog,13,T2,SF,1,0
CCI03,Dog,13,T2,SF,2,0
CCI03,Dog,13,T2,SF,3,0
CCI03,Dog,13,T2,SF,4,1
CCI03,Dog,13,T2,SU,5,0
CCI03,Dog,13,T2,SU,6,1
CCI03,Dog,13,T2,SU,7,0
CCI03,Dog,13,T2,SU,8,1
CCI03,Dog,13,T2,NSF,9,0
CCI03,Dog,13,T2,NSF,10,0
CCI03,Dog,13,T2,NSF,11,0
CCI03,Dog,13,T2,NSF,12,1
CCI03,Dog,13,T2,NSU,13,1
CCI03,Dog,13,T2,NSU,14,0
CCI03,Dog,13,T2,NSU,15,1
CCI03,Dog,13,T2,NSU,16,1
CCI04,Dog,13,T2,SU,1,1
CCI04,Dog,13,T2,SU,2,1
CCI04,Dog,13,T2,SU,3,0
CCI04,Dog,13,T2,SU,4,0
CCI04,Dog,13,T2,SF,5,0
CCI04,Dog,13,T2,SF,6,0
CCI04,Dog,13,T2,SF,7,0
CCI04,Dog,13,T2,SF,8,0
CCI04,Dog,13,T2,NSU,9,1
CCI04,Dog,13,T2,NSU,10,1
CCI04,Dog,13,T2,NSU,11,1
CCI04,Dog,13,T2,NSU,12,1
CCI04,Dog,13,T2,NSF,13,0
CCI04,Dog,13,T2,NSF,14,0
CCI04,Dog,13,T2,NSF,15,1
CCI04,Dog,13,T2,NSF,16,0
CCI05,Dog,14,T2,NSF,1,1
CCI05,Dog,14,T2,NSF,2,0
CCI05,Dog,14,T2,NSF,3,1
CCI05,Dog,14,T2,NSF,4,0
CCI05,Dog,14,T2,NSU,5,1
CCI05,Dog,14,T2,NSU,6,1
CCI05,Dog,14,T2,NSU,7,1
CCI05,Dog,14,T2,NSU,8,1
CCI05,Dog,14,T2,SF,9,1
CCI05,Dog,14,T2,SF,10,0
CCI05,Dog,14,T2,SF,11,1
CCI05,Dog,14,T2,SF,12,0
CCI05,Dog,14,T2,SU,13,1
CCI05,Dog,14,T2,SU,14,0
CCI05,Dog,14,T2,SU,15,0
CCI05,Dog,14,T2,SU,16,0
CCI06,Dog,7,T2,SF,1,1
CCI06,Dog,7,T2,SF,2,1
CCI06,Dog,7,T2,SF,3,1
CCI06,Dog,7,T2,SF,4,1
CCI06,Dog,7,T2,SU,5,1
CCI06,Dog,7,T2,SU,6,1
CCI06,Dog,7,T2,SU,7,0
CCI06,Dog,7,T2,SU,8,1
CCI06,Dog,7,T2,NSF,9,1
CCI06,Dog,7,T2,NSF,10,1
CCI06,Dog,7,T2,NSF,11,0
CCI06,Dog,7,T2,NSF,12,1
CCI06,Dog,7,T2,NSU,13,1
CCI06,Dog,7,T2,NSU,14,1
CCI06,Dog,7,T2,NSU,15,1
CCI06,Dog,7,T2,NSU,16,0
CCI07,Dog,7,T2,NSU,1,0
CCI07,Dog,7,T2,NSU,2,1
CCI07,Dog,7,T2,NSU,3,1
CCI07,Dog,7,T2,NSU,4,1
CCI07,Dog,7,T2,NSF,5,1
CCI07,Dog,7,T2,NSF,6,1
CCI07,Dog,7,T2,NSF,7,1
CCI07,Dog,7,T2,NSF,8,1
CCI07,Dog,7,T2,SU,9,1
CCI07,Dog,7,T2,SU,10,1
CCI07,Dog,7,T2,SU,11,1
CCI07,Dog,7,T2,SU,12,1
CCI07,Dog,7,T2,SF,13,1
CCI07,Dog,7,T2,SF,14,1
CCI07,Dog,7,T2,SF,15,1
CCI07,Dog,7,T2,SF,16,1
CCI08,Dog,7,T2,NSF,1,0
CCI08,Dog,7,T2,NSF,2,0
CCI08,Dog,7,T2,NSF,3,1
CCI08,Dog,7,T2,NSF,4,1
CCI08,Dog,7,T2,NSU,5,1
CCI08,Dog,7,T2,NSU,6,1
CCI08,Dog,7,T2,NSU,7,1
CCI08,Dog,7,T2,NSU,8,1
CCI08,Dog,7,T2,SF,9,1
CCI08,Dog,7,T2,SF,10,1
CCI08,Dog,7,T2,SF,11,1
CCI08,Dog,7,T2,SF,12,1
CCI08,Dog,7,T2,SU,13,1
CCI08,Dog,7,T2,SU,14,1
CCI08,Dog,7,T2,SU,15,1
CCI08,Dog,7,T2,SU,16,1
CCI09,Dog,7,T2,NSF,1,0
CCI09,Dog,7,T2,NSF,2,0
CCI09,Dog,7,T2,NSF,3,0
CCI09,Dog,7,T2,NSF,4,0
CCI09,Dog,7,T2,NSU,5,1
CCI09,Dog,7,T2,NSU,6,0
CCI09,Dog,7,T2,NSU,7,0
CCI09,Dog,7,T2,NSU,8,1
CCI09,Dog,7,T2,SF,9,1
CCI09,Dog,7,T2,SF,10,1
CCI09,Dog,7,T2,SF,11,1
CCI09,Dog,7,T2,SF,12,1
CCI09,Dog,7,T2,SU,13,1
CCI09,Dog,7,T2,SU,14,0
CCI09,Dog,7,T2,SU,15,1
CCI09,Dog,7,T2,SU,16,1
CCI10,Dog,7,T2,NSU,1,1
CCI10,Dog,7,T2,NSU,2,1
CCI10,Dog,7,T2,NSU,3,1
CCI10,Dog,7,T2,NSU,4,1
CCI10,Dog,7,T2,NSF,5,1
CCI10,Dog,7,T2,NSF,6,1
CCI10,Dog,7,T2,NSF,7,1
CCI10,Dog,7,T2,NSF,8,1
CCI10,Dog,7,T2,SU,9,1
CCI10,Dog,7,T2,SU,10,0
CCI10,Dog,7,T2,SU,11,1
CCI10,Dog,7,T2,SU,12,1
CCI10,Dog,7,T2,SF,13,1
CCI10,Dog,7,T2,SF,14,1
CCI10,Dog,7,T2,SF,15,1
CCI10,Dog,7,T2,SF,16,1
CCI11,Dog,7,T2,SF,1,1
CCI11,Dog,7,T2,SF,2,1
CCI11,Dog,7,T2,SF,3,0
CCI11,Dog,7,T2,SF,4,0
CCI11,Dog,7,T2,SU,5,1
CCI11,Dog,7,T2,SU,6,1
CCI11,Dog,7,T2,SU,7,1
CCI11,Dog,7,T2,SU,8,1
CCI11,Dog,7,T2,NSF,9,0
CCI11,Dog,7,T2,NSF,10,0
CCI11,Dog,7,T2,NSF,11,0
CCI11,Dog,7,T2,NSF,12,0
CCI11,Dog,7,T2,NSU,13,1
CCI11,Dog,7,T2,NSU,14,1
CCI11,Dog,7,T2,NSU,15,1
CCI11,Dog,7,T2,NSU,16,1
CCI12,Dog,7,T2,SU,1,0
CCI12,Dog,7,T2,SU,2,1
CCI12,Dog,7,T2,SU,3,1
CCI12,Dog,7,T2,SU,4,1
CCI12,Dog,7,T2,SF,5,1
CCI12,Dog,7,T2,SF,6,1
CCI12,Dog,7,T2,SF,7,0
CCI12,Dog,7,T2,SF,8,1
CCI12,Dog,7,T2,NSU,9,1
CCI12,Dog,7,T2,NSU,10,0
CCI12,Dog,7,T2,NSU,11,0
CCI12,Dog,7,T2,NSU,12,1
CCI12,Dog,7,T2,NSF,13,0
CCI12,Dog,7,T2,NSF,14,0
CCI12,Dog,7,T2,NSF,15,0
CCI12,Dog,7,T2,NSF,16,1
CCI13,Dog,7,T2,NSF,1,1
CCI13,Dog,7,T2,NSF,2,0
CCI13,Dog,7,T2,NSF,3,0
CCI13,Dog,7,T2,NSF,4,1
CCI13,Dog,7,T2,NSU,5,0
CCI13,Dog,7,T2,NSU,6,1
CCI13,Dog,7,T2,NSU,7,1
CCI13,Dog,7,T2,NSU,8,1
CCI13,Dog,7,T2,SF,9,1
CCI13,Dog,7,T2,SF,10,1
CCI13,Dog,7,T2,SF,11,0
CCI13,Dog,7,T2,SF,12,1
CCI13,Dog,7,T2,SU,13,0
CCI13,Dog,7,T2,SU,14,0
CCI13,Dog,7,T2,SU,15,0
CCI13,Dog,7,T2,SU,16,0
CCI14,Dog,7,T2,NSU,1,0
CCI14,Dog,7,T2,NSU,2,0
CCI14,Dog,7,T2,NSU,3,0
CCI14,Dog,7,T2,NSU,4,1
CCI14,Dog,7,T2,NSF,5,0
CCI14,Dog,7,T2,NSF,6,0
CCI14,Dog,7,T2,NSF,7,1
CCI14,Dog,7,T2,NSF,8,0
CCI14,Dog,7,T2,SU,9,1
CCI14,Dog,7,T2,SU,10,1
CCI14,Dog,7,T2,SU,11,0
CCI14,Dog,7,T2,SU,12,1
CCI14,Dog,7,T2,SF,13,1
CCI14,Dog,7,T2,SF,14,1
CCI14,Dog,7,T2,SF,15,1
CCI14,Dog,7,T2,SF,16,1
CCI15,Dog,7,T2,SF,1,1
CCI15,Dog,7,T2,SF,2,0
CCI15,Dog,7,T2,SF,3,0
CCI15,Dog,7,T2,SF,4,1
CCI15,Dog,7,T2,SU,5,0
CCI15,Dog,7,T2,SU,6,0
CCI15,Dog,7,T2,SU,7,0
CCI15,Dog,7,T2,SU,8,0
CCI15,Dog,7,T2,NSF,9,0
CCI15,Dog,7,T2,NSF,10,0
CCI15,Dog,7,T2,NSF,11,0
CCI15,Dog,7,T2,NSF,12,0
CCI15,Dog,7,T2,NSU,13,1
CCI15,Dog,7,T2,NSU,14,1
CCI15,Dog,7,T2,NSU,15,1
CCI15,Dog,7,T2,NSU,16,0
CCI16,Dog,7,T2,SU,1,1
CCI16,Dog,7,T2,SU,2,1
CCI16,Dog,7,T2,SU,3,1
CCI16,Dog,7,T2,SU,4,1
CCI16,Dog,7,T2,SF,5,1
CCI16,Dog,7,T2,SF,6,0
CCI16,Dog,7,T2,SF,7,1
CCI16,Dog,7,T2,SF,8,0
CCI16,Dog,7,T2,NSU,9,1
CCI16,Dog,7,T2,NSU,10,1
CCI16,Dog,7,T2,NSU,11,1
CCI16,Dog,7,T2,NSU,12,1
CCI16,Dog,7,T2,NSF,13,1
CCI16,Dog,7,T2,NSF,14,1
CCI16,Dog,7,T2,NSF,15,1
CCI16,Dog,7,T2,NSF,16,1
CCI17,Dog,7,T2,NSF,1,1
CCI17,Dog,7,T2,NSF,2,1
CCI17,Dog,7,T2,NSF,3,1
CCI17,Dog,7,T2,NSF,4,1
CCI17,Dog,7,T2,NSU,5,1
CCI17,Dog,7,T2,NSU,6,1
CCI17,Dog,7,T2,NSU,7,1
CCI17,Dog,7,T2,NSU,8,0
CCI17,Dog,7,T2,SF,9,1
CCI17,Dog,7,T2,SF,10,1
CCI17,Dog,7,T2,SF,11,1
CCI17,Dog,7,T2,SF,12,1
CCI17,Dog,7,T2,SU,13,1
CCI17,Dog,7,T2,SU,14,1
CCI17,Dog,7,T2,SU,15,1
CCI17,Dog,7,T2,SU,16,0
CCI18,Dog,7,T2,NSU,1,1
CCI18,Dog,7,T2,NSU,2,1
CCI18,Dog,7,T2,NSU,3,0
CCI18,Dog,7,T2,NSU,4,1
CCI18,Dog,7,T2,NSF,5,0
CCI18,Dog,7,T2,NSF,6,0
CCI18,Dog,7,T2,NSF,7,0
CCI18,Dog,7,T2,NSF,8,1
CCI18,Dog,7,T2,SU,9,1
CCI18,Dog,7,T2,SU,10,1
CCI18,Dog,7,T2,SU,11,1
CCI18,Dog,7,T2,SU,12,1
CCI18,Dog,7,T2,SF,13,1
CCI18,Dog,7,T2,SF,14,1
CCI18,Dog,7,T2,SF,15,1
CCI18,Dog,7,T2,SF,16,1
CCI19,Dog,7,T2,NSF,1,0
CCI19,Dog,7,T2,NSF,2,1
CCI19,Dog,7,T2,NSF,3,0
CCI19,Dog,7,T2,NSF,4,0
CCI19,Dog,7,T2,NSU,5,0
CCI19,Dog,7,T2,NSU,6,1
CCI19,Dog,7,T2,NSU,7,1
CCI19,Dog,7,T2,NSU,8,1
CCI19,Dog,7,T2,SF,9,1
CCI19,Dog,7,T2,SF,10,1
CCI19,Dog,7,T2,SF,11,1
CCI19,Dog,7,T2,SF,12,1
CCI19,Dog,7,T2,SU,13,1
CCI19,Dog,7,T2,SU,14,0
CCI19,Dog,7,T2,SU,15,1
CCI19,Dog,7,T2,SU,16,1
CCI20,Dog,7,T2,SU,1,1
CCI20,Dog,7,T2,SU,2,1
CCI20,Dog,7,T2,SU,3,1
CCI20,Dog,7,T2,SU,4,0
CCI20,Dog,7,T2,SF,5,1
CCI20,Dog,7,T2,SF,6,1
CCI20,Dog,7,T2,SF,7,1
CCI20,Dog,7,T2,SF,8,1
CCI20,Dog,7,T2,NSU,9,0
CCI20,Dog,7,T2,NSU,10,1
CCI20,Dog,7,T2,NSU,11,0
CCI20,Dog,7,T2,NSU,12,0
CCI20,Dog,7,T2,NSF,13,0
CCI20,Dog,7,T2,NSF,14,0
CCI20,Dog,7,T2,NSF,15,0
CCI20,Dog,7,T2,NSF,16,0
CCI21,Dog,7,T2,SF,1,1
CCI21,Dog,7,T2,SF,2,1
CCI21,Dog,7,T2,SF,3,1
CCI21,Dog,7,T2,SF,4,1
CCI21,Dog,7,T2,SU,5,1
CCI21,Dog,7,T2,SU,6,1
CCI21,Dog,7,T2,SU,7,1
CCI21,Dog,7,T2,SU,8,1
CCI21,Dog,7,T2,NSF,9,0
CCI21,Dog,7,T2,NSF,10,1
CCI21,Dog,7,T2,NSF,11,1
CCI21,Dog,7,T2,NSF,12,1
CCI21,Dog,7,T2,NSU,13,0
CCI21,Dog,7,T2,NSU,14,1
CCI21,Dog,7,T2,NSU,15,1
CCI21,Dog,7,T2,NSU,16,1
CCI22,Dog,8,T2,SU,1,1
CCI22,Dog,8,T2,SU,2,1
CCI22,Dog,8,T2,SU,3,1
CCI22,Dog,8,T2,SU,4,1
CCI22,Dog,8,T2,SF,5,1
CCI22,Dog,8,T2,SF,6,1
CCI22,Dog,8,T2,SF,7,1
CCI22,Dog,8,T2,SF,8,1
CCI22,Dog,8,T2,NSU,9,1
CCI22,Dog,8,T2,NSU,10,1
CCI22,Dog,8,T2,NSU,11,1
CCI22,Dog,8,T2,NSU,12,1
CCI22,Dog,8,T2,NSF,13,0
CCI22,Dog,8,T2,NSF,14,0
CCI22,Dog,8,T2,NSF,15,1
CCI22,Dog,8,T2,NSF,16,0
CCI23,Dog,8,T2,SF,1,0
CCI23,Dog,8,T2,SF,2,1
CCI23,Dog,8,T2,SF,3,1
CCI23,Dog,8,T2,SF,4,1
CCI23,Dog,8,T2,SU,5,0
CCI23,Dog,8,T2,SU,6,0
CCI23,Dog,8,T2,SU,7,1
CCI23,Dog,8,T2,SU,8,0
CCI23,Dog,8,T2,NSF,9,0
CCI23,Dog,8,T2,NSF,10,0
CCI23,Dog,8,T2,NSF,11,0
CCI23,Dog,8,T2,NSF,12,0
CCI23,Dog,8,T2,NSU,13,1
CCI23,Dog,8,T2,NSU,14,0
CCI23,Dog,8,T2,NSU,15,0
CCI23,Dog,8,T2,NSU,16,1
CCI24,Dog,8,T2,NSF,1,1
CCI24,Dog,8,T2,NSF,2,0
CCI24,Dog,8,T2,NSF,3,0
CCI24,Dog,8,T2,NSF,4,1
CCI24,Dog,8,T2,NSU,5,1
CCI24,Dog,8,T2,NSU,6,1
CCI24,Dog,8,T2,NSU,7,1
CCI24,Dog,8,T2,NSU,8,0
CCI24,Dog,8,T2,SF,9,1
CCI24,Dog,8,T2,SF,10,1
CCI24,Dog,8,T2,SF,11,1
CCI24,Dog,8,T2,SF,12,0
CCI24,Dog,8,T2,SU,13,1
CCI24,Dog,8,T2,SU,14,0
CCI24,Dog,8,T2,SU,15,1
CCI24,Dog,8,T2,SU,16,0
CCI25,Dog,8,T2,NSU,1,1
CCI25,Dog,8,T2,NSU,2,1
CCI25,Dog,8,T2,NSU,3,0
CCI25,Dog,8,T2,NSU,4,1
CCI25,Dog,8,T2,NSF,5,1
CCI25,Dog,8,T2,NSF,6,0
CCI25,Dog,8,T2,NSF,7,0
CCI25,Dog,8,T2,NSF,8,0
CCI25,Dog,8,T2,SU,9,1
CCI25,Dog,8,T2,SU,10,1
CCI25,Dog,8,T2,SU,11,1
CCI25,Dog,8,T2,SU,12,1
CCI25,Dog,8,T2,SF,13,1
CCI25,Dog,8,T2,SF,14,1
CCI25,Dog,8,T2,SF,15,0
CCI25,Dog,8,T2,SF,16,1
CCI26,Dog,8,T2,NSU,1,1
CCI26,Dog,8,T2,NSU,2,0
CCI26,Dog,8,T2,NSU,3,1
CCI26,Dog,8,T2,NSU,4,0
CCI26,Dog,8,T2,NSF,5,0
CCI26,Dog,8,T2,NSF,6,1
CCI26,Dog,8,T2,NSF,7,1
CCI26,Dog,8,T2,NSF,8,0
CCI26,Dog,8,T2,SU,9,1
CCI26,Dog,8,T2,SU,10,1
CCI26,Dog,8,T2,SU,11,1
CCI26,Dog,8,T2,SU,12,1
CCI26,Dog,8,T2,SF,13,1
CCI26,Dog,8,T2,SF,14,1
CCI26,Dog,8,T2,SF,15,0
CCI26,Dog,8,T2,SF,16,0
CCI27,Dog,8,T2,NSU,1,1
CCI27,Dog,8,T2,NSU,2,1
CCI27,Dog,8,T2,NSU,3,1
CCI27,Dog,8,T2,NSU,4,1
CCI27,Dog,8,T2,NSF,5,1
CCI27,Dog,8,T2,NSF,6,1
CCI27,Dog,8,T2,NSF,7,1
CCI27,Dog,8,T2,NSF,8,1
CCI27,Dog,8,T2,SU,9,1
CCI27,Dog,8,T2,SU,10,1
CCI27,Dog,8,T2,SU,11,0
CCI27,Dog,8,T2,SU,12,1
CCI27,Dog,8,T2,SF,13,1
CCI27,Dog,8,T2,SF,14,1
CCI27,Dog,8,T2,SF,15,0
CCI27,Dog,8,T2,SF,16,1
CCI28,Dog,8,T2,NSF,1,0
CCI28,Dog,8,T2,NSF,2,0
CCI28,Dog,8,T2,NSF,3,0
CCI28,Dog,8,T2,NSF,4,0
CCI28,Dog,8,T2,NSU,5,1
CCI28,Dog,8,T2,NSU,6,0
CCI28,Dog,8,T2,NSU,7,0
CCI28,Dog,8,T2,NSU,8,1
CCI28,Dog,8,T2,SF,9,1
CCI28,Dog,8,T2,SF,10,1
CCI28,Dog,8,T2,SF,11,1
CCI28,Dog,8,T2,SF,12,1
CCI28,Dog,8,T2,SU,13,1
CCI28,Dog,8,T2,SU,14,1
CCI28,Dog,8,T2,SU,15,1
CCI28,Dog,8,T2,SU,16,1
CCI29,Dog,8,T2,SU,1,1
CCI29,Dog,8,T2,SU,2,1
CCI29,Dog,8,T2,SU,3,1
CCI29,Dog,8,T2,SU,4,1
CCI29,Dog,8,T2,SF,5,1
CCI29,Dog,8,T2,SF,6,1
CCI29,Dog,8,T2,SF,7,1
CCI29,Dog,8,T2,SF,8,1
CCI29,Dog,8,T2,NSU,9,1
CCI29,Dog,8,T2,NSU,10,1
CCI29,Dog,8,T2,NSU,11,1
CCI29,Dog,8,T2,NSU,12,1
CCI29,Dog,8,T2,NSF,13,1
CCI29,Dog,8,T2,NSF,14,1
CCI29,Dog,8,T2,NSF,15,1
CCI29,Dog,8,T2,NSF,16,1
CCI30,Dog,8,T2,SF,1,0
CCI30,Dog,8,T2,SF,2,1
CCI30,Dog,8,T2,SF,3,1
CCI30,Dog,8,T2,SF,4,0
CCI30,Dog,8,T2,SU,5,1
CCI30,Dog,8,T2,SU,6,0
CCI30,Dog,8,T2,SU,7,1
CCI30,Dog,8,T2,SU,8,1
CCI30,Dog,8,T2,NSF,9,1
CCI30,Dog,8,T2,NSF,10,1
CCI30,Dog,8,T2,NSF,11,0
CCI30,Dog,8,T2,NSF,12,0
CCI30,Dog,8,T2,NSU,13,1
CCI30,Dog,8,T2,NSU,14,0
CCI30,Dog,8,T2,NSU,15,1
CCI30,Dog,8,T2,NSU,16,1
CCI32,Dog,8,T2,SU,1,1
CCI32,Dog,8,T2,SU,2,0
CCI32,Dog,8,T2,SU,3,1
CCI32,Dog,8,T2,SU,4,1
CCI32,Dog,8,T2,SF,5,1
CCI32,Dog,8,T2,SF,6,0
CCI32,Dog,8,T2,SF,7,0
CCI32,Dog,8,T2,SF,8,0
CCI32,Dog,8,T2,NSU,9,0
CCI32,Dog,8,T2,NSU,10,0
CCI32,Dog,8,T2,NSU,11,1
CCI32,Dog,8,T2,NSU,12,1
CCI32,Dog,8,T2,NSF,13,0
CCI32,Dog,8,T2,NSF,14,1
CCI32,Dog,8,T2,NSF,15,1
CCI32,Dog,8,T2,NSF,16,0